InstrumentCode,ISIN,InstrumentLongName,HoldingNominal,AssetMarketValue,Weight (%) Pre,Weight (%) Post,Maturity,Companion,Spread,MTM,Yield,Mod Duration,Term,Type,Issuer Type,Issuer,Exposure,Level of Subordination,Subordination,Quality,Liquidity,Interest Rate Score,Spread over Jibar,Instrument Score,Risk,Risk Duration,Reference, ,Level 2,Level 3,Level 4,Level 1 Max,Level 2 Max,Level 3 Max,Level 4 Max,GIR,Infrastructure
ABFN23,ZAG000144296,ABFN23 Jb3Mth+2.05% 250527,8500000,8842376.949,0.00288112,0.00288112,2027/05/25,JIBAR,106,,9.393,0.164383562,3.663013699,Bank Senior Debt - Floating,Bank,ABSA BANK LTD,ABSA BANK LTD,Bank Senior Unsecured,0.6,-0.134122579,2.810191978,1.196721311,106,63.5099364,0,0,JIBAR,2.Oth,2.1,2.1 (c),2.1 (c) (i),0.147563627,0.117004766,0.147563627,0.147563627,2.1(c)(i),No
ABFN29,ZAG000153727,ABSA F/R 29082025,6000000,6108499.866,0.001990338,0.001990338,2025/08/29,JIBAR,94.25,,9.2755,0.175342466,1.926027397,Bank Senior Debt - Floating,Bank,ABSA BANK LTD,ABSA BANK LTD,Bank Senior Unsecured,0.6,-0.134122579,2.810191978,1.212624585,94.25,63.51788804,0,0,JIBAR,2.Oth,2.1,2.1 (c),2.1 (c) (i),0.147563627,0.117004766,0.147563627,0.147563627,2.1(c)(i),No
ABFN30,ZAG000153735,ABSA F/R 29082028,1000000,1028705.974,0.000335184,0.000335184,2028/08/29,JIBAR,118,,9.513,0.175342466,4.928767123,Bank Senior Debt - Floating,Bank,ABSA BANK LTD,ABSA BANK LTD,Bank Senior Unsecured,0.6,-0.134122579,2.810191978,1.212624585,118,63.51788804,0,0,JIBAR,2.Oth,2.1,2.1 (c),2.1 (c) (i),0.147563627,0.117004766,0.147563627,0.147563627,2.1(c)(i),No
ABFN36,,ABSA F/R 09022026,10000000,10194629.66,0.003321726,0.003321726,2026/02/07,JIBAR,122,,9.553,0.115068493,2.369863014,Bank Senior Debt - Floating,Bank,ABSA BANK LTD,ABSA BANK LTD,Bank Senior Unsecured,0.6,-0.134122579,2.810191978,1.13003096,122,63.47659122,0,0,JIBAR,2.Oth,2.1,2.1 (c),2.1 (c) (i),0.147563627,0.117004766,0.147563627,0.147563627,2.1(c)(i),No
ABFN40,,ABSA F/R 16092024,2100000,2112977.308,0.000688473,0.000688473,2024/09/16,JIBAR,90,,9.233,0.221917808,0.975342466,Bank Senior Debt - Floating,Bank,ABSA BANK LTD,ABSA BANK LTD,Bank Senior Unsecured,0.6,-0.134122579,2.810191978,1.285211268,90,63.55418138,0,0,JIBAR,2.Oth,2.1,2.1 (c),2.1 (c) (i),0.147563627,0.117004766,0.147563627,0.147563627,2.1(c)(i),No
ABFN41,ZAG000162371,ABSA F/R 16092026,1000000,1003426.522,0.000326947,0.000326947,2026/09/16,JIBAR,134,,9.673,0.221917808,2.975342466,Bank Senior Debt - Floating,Bank,ABSA BANK LTD,ABSA BANK LTD,Bank Senior Unsecured,0.6,-0.134122579,2.810191978,1.285211268,134,63.55418138,0,0,JIBAR,2.Oth,2.1,2.1 (c),2.1 (c) (i),0.147563627,0.117004766,0.147563627,0.147563627,2.1(c)(i),No
ABFN42,ZAG000162389,ABSA F/R 16092029,1000000,1005616.488,0.000327661,0.000327661,2029/09/16,JIBAR,142,,9.753,0.221917808,5.978082192,Bank Senior Debt - Floating,Bank,ABSA BANK LTD,ABSA BANK LTD,Bank Senior Unsecured,0.6,-0.134122579,2.810191978,1.285211268,142,63.55418138,0,0,JIBAR,2.Oth,2.1,2.1 (c),2.1 (c) (i),0.147563627,0.117004766,0.147563627,0.147563627,2.1(c)(i),No
ABFN50,,ABSA F/R 30032026,2600000,2596572.543,0.000846044,0.000846044,2026/03/30,JIBAR,130,,9.633,0.010958904,2.509589041,Bank Senior Debt - Floating,Bank,ABSA BANK LTD,ABSA BANK LTD,Bank Senior Unsecured,0.6,-0.134122579,2.810191978,1.011080332,130,63.41711591,0,0,JIBAR,2.Oth,2.1,2.1 (c),2.1 (c) (i),0.147563627,0.117004766,0.147563627,0.147563627,2.1(c)(i),No
ABFN61,,Absa F/R 24022028,20000000,20348511.07,0.006630175,0.006630175,2028/02/24,JIBAR,110,,9.433,0.161643836,4.416438356,Bank Senior Debt - Floating,Bank,ABSA BANK LTD,ABSA BANK LTD,Bank Senior Unsecured,0.6,-0.134122579,2.810191978,1.192810458,110,63.50798097,0,0,JIBAR,2.Oth,2.1,2.1 (c),2.1 (c) (i),0.147563627,0.117004766,0.147563627,0.147563627,2.1(c)(i),No
ABGN01,,ABSA F/R 27062025,2900000,2913002.871,0.000949147,0.000949147,2025/06/27,JIBAR,95,,9.283,0.002739726,1.753424658,Bank Senior Debt - Floating,Bank,ABSA BANK LTD,ABSA BANK LTD,Bank Senior Unsecured,0.6,-0.134122579,2.810191978,1.002747253,95,63.41294937,0,0,JIBAR,2.Oth,2.1,2.1 (c),2.1 (c) (i),0.147563627,0.117004766,0.147563627,0.147563627,2.1(c)(i),No
ABGN03,,ABSA F/R 27062029,500000,506992.4819,0.000165194,0.000165194,2029/06/27,JIBAR,124,,9.573,0.002739726,5.756164384,Bank Senior Debt - Floating,Bank,ABSA BANK LTD,ABSA BANK LTD,Bank Senior Unsecured,0.6,-0.134122579,2.810191978,1.002747253,124,63.41294937,0,0,JIBAR,2.Oth,2.1,2.1 (c),2.1 (c) (i),0.147563627,0.117004766,0.147563627,0.147563627,2.1(c)(i),No
ABN61,,ABSA ILB 2% 310125,450000,767328.885,0.00025002,0.00025002,2025/01/31,I2025,30,4.53,9.33,1.292571964,1.350684932,Bank Senior Debt - ILBs,Bank,ABSA BANK LTD,ABSA BANK LTD,Bank Senior Unsecured,0.6,-0.134122579,2.810191978,-3.417962496,99.7,61.2025945,1,1.292571964,I2025,2.Oth,2.1,2.1 (c),2.1 (c) (i),0.147563627,0.117004766,0.147563627,0.147563627,,No
ABN62,,ABSA Inflation Linked Bond 2.6% 31032028,5000000,10896580,0.003550443,0.003550443,2028/03/31,R210,77,5.03,9.83,4.159354817,4.515068493,Bank Senior Debt - ILBs,Bank,ABSA BANK LTD,ABSA BANK LTD,Bank Senior Unsecured,0.6,-0.134122579,2.810191978,-0.316520321,149.7,62.75331558,1,4.159354817,R210,2.Oth,2.1,2.1 (c),2.1 (c) (i),0.147563627,0.117004766,0.147563627,0.147563627,,No
ABSI2,,ABSA ILB 07/12/2023 ,6600000,22311358.74,0.007269731,0.007269731,2023/12/07,R197,100,3.5,8.3,0.187798538,0.197260274,Bank Senior Debt - ILBs,Bank,ABSA BANK LTD,ABSA BANK LTD,Bank Senior Unsecured,0.6,-0.134122579,2.810191978,1.231221621,-3.3,63.52718655,1,0.187798538,R197,2.Oth,2.1,2.1 (c),2.1 (c) (i),0.147563627,0.117004766,0.147563627,0.147563627,,No
ABS19,,ABSA 9.67% 24022028,10000000,9870709,0.003216183,0.003216183,2028/02/24,R186,94,10.31,10.31,3.466772945,4.416438356,Bank Senior Debt - Fixed,Bank,ABSA BANK LTD,ABSA BANK LTD,Bank Senior Unsecured,0.6,-0.134122579,2.810191978,-0.405387939,197.7,62.70888177,1,3.466772945,R186,2.Oth,2.1,2.1 (c),2.1 (c) (i),0.147563627,0.117004766,0.147563627,0.147563627,,No
ABCPI3,,ABCPI3 5.5% 071223,6330000,21384564.94,0.006967753,0.006967753,2023/12/07,R197,135,3.85,8.65,0.187675181,0.197260274,Bank Subordinated Debt - Tier 2,Bank,ABSA BANK LTD,ABSA BANK LTD,Bank Subordinated Debt - Tier 2,2,-0.134122579,2.810191978,1.23103465,31.7,77.52709307,1,0.187675181,R197,2.Oth,2.1,2.1 (c),2.1 (c) (i),0.147563627,0.117004766,0.147563627,0.147563627,,No
26FR0007,ZAM000529585,ABSA F/R 17122024,20000000,20060381.37,0.006536293,0.006536293,2024/12/17,JIBAR,85,0,9.183,0.125,1.22739726,Money Market,Bank,ABSA BANK LTD,ABSA BANK LTD,Money Market,0.5,-0.134122579,2.810191978,1.142857143,85,62.48300431,0,0,JIBAR,1,1.1,,,0.049529599,0.049529599,0,0,,No
26FR0009,ZAM000532159,ABSA F/R 19012026,7000000,7127534.25,0.002322371,0.002322371,2026/01/19,JIBAR,100,0,9.333,0.125,2.317808219,Money Market,Bank,ABSA BANK LTD,ABSA BANK LTD,Money Market,0.5,-0.134122579,2.810191978,1.142857143,100,62.48300431,0,0,JIBAR,1,1.1,,,0.049529599,0.049529599,0,0,,No
26NC0006,ZAM000541523,ABSA Bank NCD 6.815% 12052026,15000000,15379659.02,0.005011169,0.005011169,2026/05/12,0,0,6.815,6.815,2.309416605,2.62739726,Money Market,Bank,ABSA BANK LTD,ABSA BANK LTD,Money Market,0.5,-0.134122579,2.810191978,-0.763698884,-151.8,61.5297263,0,0,FIXED,1,1.1,,,0.049529599,0.049529599,0,0,,No
26NC0008,ZAM000554476,ABSA NCD 6.095% 20102023,15000000,15399177.12,0.005017529,0.005017529,2023/10/20,0,0,6.095,6.095,0.062479499,0.065753425,Money Market,Bank,ABSA BANK LTD,ABSA BANK LTD,Money Market,0.5,-0.134122579,2.810191978,1.066643341,-223.8,62.44489741,0,0,FIXED,1,1.1,,,0.049529599,0.049529599,0,0,,No
26NC0011,ZAM000558170,ABSA NCD 6.445% 27112023,10000000,10216639.42,0.003328897,0.003328897,2023/11/27,0,0,6.445,6.445,0.160578774,0.169863014,Money Market,Bank,ABSA BANK LTD,ABSA BANK LTD,Money Market,0.5,-0.134122579,2.810191978,1.191297014,-188.8,62.50722425,0,0,FIXED,1,1.1,,,0.049529599,0.049529599,0,0,,No
26NC0025,ZAM000584622,Absa NCD 8.49% 15072024,10000000,10165831.97,0.003312343,0.003312343,2024/07/15,0,0,8.49,8.49,0.747891325,0.802739726,Money Market,Bank,ABSA BANK LTD,ABSA BANK LTD,Money Market,0.5,-0.134122579,2.810191978,3.966543389,15.7,63.89484744,0,0,FIXED,1,1.1,,,0.049529599,0.049529599,0,0,,No
26NC0030,,ABSA NCD 8.35% 26102023,10000000,10763433.53,0.00350706,0.00350706,2023/10/26,0,0,8.35,8.35,0.077582834,0.082191781,Money Market,Bank,ABSA BANK LTD,ABSA BANK LTD,Money Market,0.5,-0.134122579,2.810191978,1.084108186,1.7,62.45362984,0,0,FIXED,1,1.1,,,0.049529599,0.049529599,0,0,,No
26NC0031,,ABSA NCD 8.54% 26042024,10000000,10358110.81,0.003374993,0.003374993,2024/04/26,0,0,8.54,8.54,0.53739928,0.583561644,Money Market,Bank,ABSA BANK LTD,ABSA BANK LTD,Money Market,0.5,-0.134122579,2.810191978,2.161691406,20.7,62.99242145,0,0,FIXED,1,1.1,,,0.049529599,0.049529599,0,0,,No
26NC0034,ZAM000602531,ABSA NCD 8.625% 14122023,10000000,10665799.93,0.003475248,0.003475248,2023/12/14,0,0,8.625,8.625,0.206177105,0.216438356,Money Market,Bank,ABSA BANK LTD,ABSA BANK LTD,Money Market,0.5,-0.134122579,2.810191978,1.259726832,29.2,62.54143916,0,0,FIXED,1,1.1,,,0.049529599,0.049529599,0,0,,No
26NC0035,ZAM000604263,ABSA NCD 8.6% 04012024,15000000,15918550.09,0.005186756,0.005186756,2024/01/04,0,0,8.6,8.6,0.258737309,0.273972603,Money Market,Bank,ABSA BANK LTD,ABSA BANK LTD,Money Market,0.5,-0.134122579,2.810191978,1.349049416,26.7,62.58610045,0,0,FIXED,1,1.1,,,0.049529599,0.049529599,0,0,,No
26NC0038,ZAM000605088,Absa NCD 8.40% 10012024,15000000,15876243.25,0.005172972,0.005172972,2024/01/10,0,0,8.4,8.4,0.274761391,0.290410959,Money Market,Bank,ABSA BANK LTD,ABSA BANK LTD,Money Market,0.5,-0.134122579,2.810191978,1.378856542,6.7,62.60100401,0,0,FIXED,1,1.1,,,0.049529599,0.049529599,0,0,,No
26NC0043,,Absa NCD 8.76% 24022025,10000000,10078746,0.003283967,0.003283967,2025/02/24,0,0,8.76,8.76,1.290981372,1.416438356,Money Market,Bank,ABSA BANK LTD,ABSA BANK LTD,Money Market,0.5,-0.134122579,2.810191978,-3.436646112,42.7,60.19325269,0,0,FIXED,1,1.1,,,0.049529599,0.049529599,0,0,,No
AGL01,ZAG000155615,Absa Group Limited F/R 29112023,3000000,3033260.587,0.00098833,0.00098833,2023/11/29,JIBAR,130,,9.633,0.175342466,0.175342466,Bank Subordinated Debt - Tier 2,Bank,ABSA BANK LTD,ABSA BANK LTD,Bank Subordinated Debt - Tier 2,2,-0.134122579,2.810191978,1.212624585,130,77.51788804,0,0,JIBAR,2.Oth,2.1,2.1 (c),2.1 (c) (i),0.147563627,0.117004766,0.147563627,0.147563627,2.1(c)(i),No
AGL02,ZAG000158452,Absa Group Limited F/R 11042024,15000000,15435729.27,0.005029438,0.005029438,2024/04/11,JIBAR,141,,9.743,0.04109589,0.542465753,Bank Subordinated Debt - Tier 2,Bank,ABSA BANK LTD,ABSA BANK LTD,Bank Subordinated Debt - Tier 2,2,-0.134122579,2.810191978,1.042857143,141,77.43300431,0,0,JIBAR,2.Oth,2.1,2.1 (c),2.1 (c) (i),0.147563627,0.117004766,0.147563627,0.147563627,2.1(c)(i),No
AGL03,,Absa Group Limited F/R 19052025,10000000,10220581.52,0.003330182,0.003330182,2025/05/17,JIBAR,149,,9.823,0.142465753,1.64109589,Bank Subordinated Debt - Tier 2,Bank,ABSA BANK LTD,ABSA BANK LTD,Bank Subordinated Debt - Tier 2,2,-0.134122579,2.810191978,1.166134185,149,77.49464284,0,0,JIBAR,2.Oth,2.1,2.1 (c),2.1 (c) (i),0.147563627,0.117004766,0.147563627,0.147563627,2.1(c)(i),No
AGT03,,Absa F/R 05062025,20000000,20743794.04,0.00675897,0.00675897,2025/06/05,JIBAR,235,,10.683,0.191780822,1.693150685,Bank Subordinated Debt - AT1,Bank,ABSA BANK LTD,ABSA BANK LTD,Bank Subordinated Debt - AT1,4,-0.134122579,2.810191978,1.237288136,235,97.53021981,0,0,JIBAR,2.Oth,2.1,2.1 (c),2.1 (c) (i),0.147563627,0.117004766,0.147563627,0.147563627,,No
AGT04,,Absa F/R 27102025,7000000,7430112.736,0.002420961,0.002420961,2025/10/27,JIBAR,245,,10.783,0.084931507,2.087671233,Bank Subordinated Debt - AT1,Bank,ABSA BANK LTD,ABSA BANK LTD,Bank Subordinated Debt - AT1,4,-0.134122579,2.810191978,1.092814371,245,97.45798293,0,0,JIBAR,2.Oth,2.1,2.1 (c),2.1 (c) (i),0.147563627,0.117004766,0.147563627,0.147563627,,No
ASN346,,ABSA F/R 20062024,2634187,2632435.151,0.000857729,0.000857729,2024/06/20,JIBAR,205,,10.383,0.232876712,0.734246575,Credit Linked Notes,Bank,ABSA BANK LTD,ABSA BANK LTD,Credit-Linked Note,1.5,-0.134122579,2.810191978,1.303571429,205,72.56336146,0,0,JIBAR,2.Oth,2.1,2.1 (c),2.1 (c) (i),0.147563627,0.117004766,0.147563627,0.147563627,,No
ASN700,,ABSA F/R 22062026,100000000,100262079.7,0.03266849,0.03266849,2026/06/20,JIBAR,235,,10.683,0.232876712,2.734246575,Credit Linked Notes,Bank,ABSA BANK LTD,ABSA BANK LTD,Credit-Linked Note,1.5,-0.134122579,2.810191978,1.303571429,235,72.56336146,0,0,JIBAR,2.Oth,2.1,2.1 (c),2.1 (c) (i),0.147563627,0.117004766,0.147563627,0.147563627,,No
ASN863,,Absa F/R 31072026,75000000,76427577.18,0.024902471,0.024902471,2026/07/31,JIBAR,,,8.62,0.095890411,2.846575342,Credit Linked Notes,Bank,ABSA BANK LTD,RSA GOVERNMENT,Credit-Linked Note,1.5,1,7,1.106060606,28.7,-536.4947638,0,0,INV JIBAR,2.Oth,2.1,2.1 (c),2.1 (c) (i),0.147563627,0.117004766,0.147563627,0.147563627,,No
ASC033,ZAG000197096,ABSA F/R 28022035,63000000,63544530.76,0.020704775,0.020704775,2035/02/28,JIBAR,250,,10.833,0.178082192,11.43287671,Capped-Rate Notes,Bank,ABSA BANK LTD,RSA GOVERNMENT,Credit-Linked Note,1.5,1,7,1.216666667,250,-536.4394607,0,0,JIBAR,2.Oth,3.1,2.1 (c),2.1 (c) (i),0.147563627,0.020704775,0.147563627,0.147563627,,No
ASC044,ZAG000198243,ASA F/R 280235,30000000,30242937.3,0.009854085,0.009854085,2035/02/28,JIBAR,180,,10.133,0.178082192,11.43287671,Credit Linked Notes,Bank,ABSA BANK LTD,RSA GOVERNMENT,Credit-Linked Note,1.5,1,7,1.216666667,180,-536.4394607,1,0.178082192,JIBAR,2.Oth,4.1,2.1 (c),2.1 (c) (i),0.147563627,0.009854085,0.147563627,0.147563627,,No
BGL19,,Barclays Africa Group Limited F/R 30092024,1000000,1019102.911,0.000332055,0.000332055,2024/09/29,JIBAR,143,,9.763,0.008219178,1.010958904,Bank Subordinated Debt - Tier 2,Bank,ABSA BANK LTD,ABSA BANK LTD,Bank Subordinated Debt - Tier 2,2,-0.134122579,2.810191978,1.008287293,143,77.41571939,0,0,JIBAR,2.Oth,2.1,2.1 (c),2.1 (c) (i),0.147563627,0.117004766,0.147563627,0.147563627,,No
ABJ03,,African Bank Ltd F/R 16092024,12000000,12092239.51,0.003940026,0.003940026,2024/09/14,JIBAR,235,,10.683,0.216438356,0.969863014,Bank Senior Debt - Floating,Bank,AFRICAN BANK LIMITED,AFRICAN BANK LIMITED,Bank Senior Unsecured,0.6,0.731970682,0.716758926,1.276223776,235,-348.5626122,0,0,JIBAR,2.Oth,2.1,2.1 (c),2.1 (c) (iv),0.009157243,0.009157243,0.009157243,0.009157243,,No
ABJ05,,African Bank F/R 30032027,10000000,9999987.202,0.003258305,0.003258305,2027/03/30,JIBAR,300,,11.333,0.010958904,3.509589041,Bank Senior Debt - Floating,Bank,AFRICAN BANK LIMITED,AFRICAN BANK LIMITED,Bank Senior Unsecured,0.6,0.731970682,0.716758926,1.011080332,300,-348.6951839,0,0,JIBAR,2.Oth,2.1,2.1 (c),2.1 (c) (iv),0.009157243,0.009157243,0.009157243,0.009157243,,No
ABKI04,,African Bank ILB 5.75% 13032024,3655000,6012047.945,0.001958911,0.001958911,2024/03/13,I2025,350,7.73,12.53,0.43935,0.463013699,Bank Senior Debt - ILBs,Bank,AFRICAN BANK LIMITED,AFRICAN BANK LIMITED,Bank Senior Unsecured,0.6,0.731970682,0.716758926,1.783643985,419.7,-348.3089021,1,0.43935,I2025,2.Oth,2.1,2.1 (c),2.1 (c) (iv),0.009157243,0.009157243,0.009157243,0.009157243,,No
AIR04,,AIRSJ 9.25% 05/29/24,500000,509071.15,0.000165871,0.000165871,2024/05/29,R186,188,11.25,11.25,0.609189386,0.673972603,SOE,SOE,AIRPORTS CO SOUTH AFRICA,AIRPORTS CO SOUTH AFRICA,Corp Senior Unsecured,1,0.124462623,-0.347706797,2.558784137,291.7,-29.52264575,1,0.609189386,R186,2.Oth,2.1,2.1 (d),2.1 (d) (i),0.004205719,0.004205719,0.004205719,0.004205719,2.1(d)(i),Yes
AIR05,ZAG000116351,Airports Company of South Africa 10% 29052030,1000000,909393.7,0.000296309,0.000296309,2030/05/29,R213,150,12.815,12.815,4.434267083,6.676712329,SOE,SOE,AIRPORTS CO SOUTH AFRICA,AIRPORTS CO SOUTH AFRICA,Corp Senior Unsecured,1,0.124462623,-0.347706797,-0.291182944,448.2,-30.94762929,1,4.434267083,R213,2.Oth,2.1,2.1 (d),2.1 (d) (i),0.004205719,0.004205719,0.004205719,0.004205719,2.1(d)(i),Yes
AIRL01,ZAG000052846,AIRl01 CPI 3.64% 300428,5708750,11489206.47,0.003743539,0.003743539,2028/04/30,R210,285,7.11,11.91,4.019736986,4.597260274,ILBs,SOE,AIRPORTS CO SOUTH AFRICA,AIRPORTS CO SOUTH AFRICA,Corp Senior Unsecured,1,0.124462623,-0.347706797,-0.331154668,357.7,-30.96761515,1,4.019736986,R210,2.Oth,2.1,2.1 (d),2.1 (d) (i),0.004205719,0.004205719,0.004205719,0.004205719,2.1(d)(i),Yes
BID13,ZAG000160011,BVT F/R 140624  ,2000000,2015423.2,0.000656687,0.000656687,2024/06/14,JIBAR,80,,9.133,0.216438356,0.717808219,Corporate Senior Debt,Corporate,BIDVESTCO LIMITED,BIDVESTCO LIMITED,Corp Senior Unsecured,1,-0.031424439,-0.386470737,1.276223776,80,48.16724445,0,0,JIBAR,2.Oth,2.1,2.1 (d),2.1 (d) (i),0.000656687,0.000656687,0.000656687,0.000656687,2.1(d)(i),No
BPPF20,,BNP Paribas Personal Finance F/R 19112024,14317000,14503112.7,0.004725563,0.004725563,2024/11/19,JIBAR,117,,9.503,0.147945205,1.150684932,Corporate Senior Debt,Bank,BNP PARIBAS,BNP PARIBAS,Corp Senior Unsecured,1,1.15217697,-0.392198949,1.173633441,117,-543.6274731,0,0,JIBAR,2.Oth,2.1,2.1 (d),2.1 (d) (i),0.004725563,0.004725563,0.004725563,0.004725563,,No
CBL29,ZAG000158874,Capitec F/R 30042024,6500000,6621574.132,0.002157514,0.002157514,2024/04/30,JIBAR,110,,9.433,0.093150685,0.594520548,Bank Senior Debt - Floating,Bank,CAPITEC BANK,CAPITEC BANK,Bank Senior Unsecured,0.6,2.235562286,-0.275728513,1.102719033,110,-1090.520292,0,0,JIBAR,2.Oth,2.1,2.1 (c),2.1 (c) (i),0.002157514,0.002157514,0.002157514,0.002157514,2.1(c)(i),No
CCT02,,City of Cape Town 11.615% 120624,3395599,3558732.405,0.001159545,0.001159545,2024/06/12,R186,17,9.54,9.54,0.644265107,0.712328767,SOE,SOE,CITY OF CAPE TOWN,CITY OF CAPE TOWN,Corp Senior Unsecured,1,0.625684398,-0.238886764,2.811082129,120.7,-281.0955843,1,0.644265107,R186,2.Oth,2.1,2.1 (e),2.1 (e) (i),0.002052329,0.002052329,0.002052329,0.002052329,,Yes
CCT04,ZAG000145376,City of Cape Town 10.17% 19072027,2733129.23,2740019.968,0.000892783,0.000892783,2027/07/17,R186,179,11.16,11.16,1.70907,3.808219178,SOE,SOE,CITY OF CAPE TOWN,CITY OF CAPE TOWN,Corp Senior Unsecured,1,0.625684398,-0.238886764,-1.410297996,282.7,-283.2062744,1,1.70907,R186,2.Oth,2.1,2.1 (e),2.1 (e) (i),0.002052329,0.002052329,0.002052329,0.002052329,2.1(e)(i),Yes
COJ08,,City of Johannesburg 11.455% 22062026,413429,422541.0578,0.000137677,0.000137677,2026/06/22,R186,246,11.83,11.83,2.218178866,2.739726027,SOE,SOE,CITY OF JOHANNESBURG METROPOLITAN MUNICIPALITY,CITY OF JOHANNESBURG METROPOLITAN MUNICIPALITY,Corp Senior Unsecured,1,0.124462623,-0.238886764,-0.820897512,349.7,-32.3006869,1,2.218178866,R186,2.Oth,2.1,2.1 (e),2.1 (e) (i),0.000491582,0.000491582,0.000491582,0.000491582,,Yes
COJG01,,City of Johannesburg 10.18% 10062024,1065892,1086160.789,0.000353905,0.000353905,2024/06/09,R186,263,12,12,0.631671953,0.704109589,SOE,SOE,CITY OF JOHANNESBURG METROPOLITAN MUNICIPALITY,CITY OF JOHANNESBURG METROPOLITAN MUNICIPALITY,Corp Senior Unsecured,1,0.124462623,-0.238886764,2.714971093,366.7,-30.5327526,1,0.631671953,R186,2.Oth,2.1,2.1 (e),2.1 (e) (i),0.000491582,0.000491582,0.000491582,0.000491582,,Yes
CLN504,,Standard Bank CLN F/R 11102024,7586975,7894899.967,0.002572403,0.002572403,2024/10/11,JIBAR,291,,11.243,0.04109589,1.043835616,Credit Linked Notes,Bank,MOBILE TELEPHONE NETWORK HOLDINGS PTY LTD,MOBILE TELEPHONE NETWORK HOLDINGS PTY LTD,Credit-Linked Note,1.5,-0.191666369,-0.109082716,1.042857143,291,130.3976463,0,0,JIBAR,2.Oth,2.1,2.1 (c),2.1 (c) (i),0.01000713,0.01000713,0.002572403,0.002572403,2.1(c)(i),No
CLN518,ZAG000149881,CLN518 Jb3Mth+2.56% 251122,200000,200811.0666,6.54305E-05,6.54305E-05,2024/11/25,JIBAR,255,,10.883,0.164383562,1.167123288,Credit Linked Notes,Bank,STANDARD BANK LTD,TELKOM,Credit-Linked Note,1.5,0.029491027,-0.280189856,1.196721311,255,21.6069518,0,0,JIBAR,2.Oth,2.1,2.1 (c),2.1 (c) (i),0.101404395,0.101404395,0.101404395,0.101404395,2.1(c)(i),No
CLN527,ZAG000151150,Standard Bank CLN F/R 21022024,2300000,2337561.644,0.00076165,0.00076165,2024/02/21,JIBAR,123.5,,9.568,0.153424658,0.405479452,Credit Linked Notes,Bank,STANDARD BANK LTD,GROWTHPOINT PROPERTIES LIMITED,Credit-Linked Note,1.5,0.382812619,-0.119348494,1.181229773,123.5,-156.6700035,0,0,JIBAR,2.Oth,2.1,2.1 (c),2.1 (c) (i),0.101404395,0.101404395,0.101404395,0.101404395,2.1(c)(i),No
CLN546,,Standard Bank CLN 10.02% 21082026,9853000,9847242.926,0.003208537,0.003208537,2026/08/21,R186,110,10.47,10.47,2.4288,2.904109589,Credit Linked Notes,Bank,STANDARD BANK LTD,DISCOVERY LTD,Credit-Linked Note,1.5,-0.46344371,-0.226921889,-0.699888018,213.7,266.593336,1,2.4288,R186,2.Oth,2.1,2.1 (c),2.1 (c) (i),0.101404395,0.101404395,0.101404395,0.101404395,2.1(c)(i),No
CLN565,ZAG000157371,Standard Bank CLN F/R 21022024,10000000,10110402.08,0.003294282,0.003294282,2024/02/21,JIBAR,146,,9.793,0.153424658,0.405479452,Credit Linked Notes,Bank,STANDARD BANK LTD,NEDBANK LTD,Credit-Linked Note,1.5,-0.395565495,2.467172627,1.181229773,146,206.6538418,0,0,JIBAR,2.Oth,2.1,2.1 (c),2.1 (c) (i),0.101404395,0.101404395,0.101404395,0.101404395,2.1(c)(i),No
CLN587,ZAG000160284,Standard Bank CLN F/R 10062026,1200000,1210919.201,0.000394555,0.000394555,2026/06/10,JIBAR,195,,10.283,0.205479452,2.706849315,Credit Linked Notes,Bank,STANDARD BANK LTD,TELKOM,Credit-Linked Note,1.5,0.029491027,-0.280189856,1.25862069,195,21.63790149,0,0,JIBAR,2.Oth,2.1,2.1 (c),2.1 (c) (i),0.101404395,0.101404395,0.101404395,0.101404395,2.1(c)(i),No
CLN599,ZAG000161084,Standard Bank CLN F/R 10122024,900000,904401.4641,0.000294682,0.000294682,2024/12/10,JIBAR,160,,9.933,0.205479452,1.208219178,Credit Linked Notes,Bank,STANDARD BANK LTD,FIRSTRAND BANK LTD,Credit-Linked Note,1.5,-0.107833692,2.460589047,1.25862069,160,62.89247182,0,0,JIBAR,2.Oth,2.1,2.1 (c),2.1 (c) (i),0.101404395,0.101404395,0.101404395,0.101404395,2.1(c)(i),No
CLN604,ZAG000161399,Standard Bank CLN F/R 05082024,2000000,2028996.387,0.00066111,0.00066111,2024/08/05,JIBAR,150,,9.833,0.109589041,0.860273973,Credit Linked Notes,Bank,STANDARD BANK LTD,FIRSTRAND BANK LTD,Credit-Linked Note,1.5,-0.107833692,2.460589047,1.123076923,150,62.82469994,0,0,JIBAR,2.Oth,2.1,2.1 (c),2.1 (c) (i),0.101404395,0.101404395,0.101404395,0.101404395,2.1(c)(i),No
CLN616,ZAG000163163,Standard Bank CLN F/R 201229,1800000,1801620,0.000587024,0.000587024,2029/12/20,JIBAR,370,,12.033,0.232876712,6.238356164,Credit Linked Notes,Bank,STANDARD BANK LTD,RSA GOVERNMENT,Credit-Linked Note,1.5,1,7,1.303571429,370,-536.3960084,0,0,JIBAR,2.Oth,2.1,2.1 (c),2.1 (c) (i),0.101404395,0.101404395,0.101404395,0.101404395,2.1(c)(i),No
CLN621,ZAG000163932,Standard Bank CLN F/R 28102022,3000000,3060159.147,0.000997095,0.000997095,2024/10/28,JIBAR,140,,9.733,0.087671233,1.090410959,Credit Linked Notes,Bank,STANDARD BANK LTD,BIDVESTCO LIMITED,Credit-Linked Note,1.5,-0.031424439,-0.386470737,1.096096096,140,53.07718061,0,0,JIBAR,2.Oth,2.1,2.1 (c),2.1 (c) (i),0.101404395,0.101404395,0.101404395,0.101404395,2.1(c)(i),No
CLN655,ZAG000167230,Standard Bank CLN F/R 24062030,1600000,1593296,0.000519145,0.000519145,2030/06/22,JIBAR,440,,12.733,0.238356164,6.742465753,Credit Linked Notes,Bank,STANDARD BANK LTD,RSA GOVERNMENT,Credit-Linked Note,1.5,1,7,1.31294964,440,-536.3913193,0,0,JIBAR,2.Oth,2.1,2.1 (c),2.1 (c) (i),0.101404395,0.101404395,0.101404395,0.101404395,2.1(c)(i),No
CLN817,,Standard Bank CLN F/R 01022027,7500000,7642855.212,0.002490279,0.002490279,2027/01/31,JIBAR,310,,11.433,0.095890411,3.350684932,Credit Linked Notes,Bank,STANDARD BANK LTD,RSA GOVERNMENT,Credit-Linked Note,1.5,1,7,1.106060606,310,-536.4947638,0,0,JIBAR,2.Oth,2.1,2.1 (c),2.1 (c) (i),0.101404395,0.101404395,0.101404395,0.101404395,2.1(c)(i),No
DV24,,Development Bank of SA 9.69% 18022024,1900000,1917314.32,0.00062472,0.00062472,2024/02/18,R186,65,10.02,10.02,0.37444453,0.397260274,SOE,SOE,DEVELOPMENT BANK OF SOUTHERN AFRICA,DEVELOPMENT BANK OF SOUTHERN AFRICA,Corp Senior Unsecured,1,0.276103649,1.971274513,1.598579259,168.7,-129.013074,1,0.37444453,R186,2.Oth,2.1,2.1 (d),2.1 (d) (i),0.012441882,0.012441882,0.012441882,0.012441882,,Yes
DVFB31,,Development Bank of Southern Africa F/R 21082025,15000000,15491994.62,0.005047771,0.005047771,2025/08/21,JIBAR,153,,9.863,0.153424658,1.904109589,SOE,SOE,DEVELOPMENT BANK OF SOUTHERN AFRICA,DEVELOPMENT BANK OF SOUTHERN AFRICA,Corp Senior Unsecured,1,0.276103649,1.971274513,1.181229773,153,-129.2217487,0,0,JIBAR,2.Oth,2.1,2.1 (d),2.1 (d) (i),0.012441882,0.012441882,0.012441882,0.012441882,,Yes
DVFC28,,Development Bank of Southern Africa F/R 15122028,20000000,20775774.06,0.00676939,0.00676939,2028/12/15,JIBAR,203,,10.363,0.219178082,5.224657534,SOE,SOE,DEVELOPMENT BANK OF SOUTHERN AFRICA,DEVELOPMENT BANK OF SOUTHERN AFRICA,Corp Senior Unsecured,1,0.276103649,1.971274513,1.280701754,203,-129.1720127,0,0,JIBAR,2.Oth,2.1,2.1 (d),2.1 (d) (i),0.012441882,0.012441882,0.012441882,0.012441882,,Yes
DSY03,,Discovery Limited 10.46% 21112024,4900000,5059978.678,0.001648698,0.001648698,2024/11/21,R186,150,10.87,10.87,1.01531,1.156164384,Insurer Sub Debt,Insurer,DISCOVERY LTD,DISCOVERY LTD,Bank Subordinated Debt - Tier 2,2,-0.46344371,-0.226921889,-65.31678641,253.7,239.2848868,1,1.01531,R186,2.Oth,2.1,2.1 (d),2.1 (d) (i),0.001648698,0.001648698,0.001648698,0.001648698,,No
EL28,,Eskom ILB 2.55% 02/05/2028 ,29300000,47490301.42,0.01547381,0.01547381,2028/05/02,R210,83,5.09,9.89,4.191028195,4.602739726,ILBs,SOE,ESKOM,ESKOM,Government-Guaranteed,0.3,0.175877894,4.834492325,-0.313378616,155.7,-115.4883536,1,4.191028195,R210,2.Gov,2.1,2.1 (a),,0.01547381,0.01547381,0.01547381,0,,Yes
EQT010,,Equities Property Fund Limited F/R 12112024,16500000,16751538.72,0.00545817,0.00545817,2024/11/12,JIBAR,119,,9.523,0.128767123,1.131506849,Corporate Senior Debt,Corporate,EQUITES PROPERTY FUND LIMITED,EQUITES PROPERTY FUND LIMITED,Corp Senior Unsecured,1,-0.005578429,0,1.147798742,119,31.31531988,0,0,JIBAR,2.Gov,2.1,2.1 (a),,0.00545817,0.00545817,0.00545817,0,,No
FRB24,ZAG000155102,FirstRand F/R 08112023,33716590,34429628.79,0.011218239,0.011218239,2023/11/08,JIBAR,190,,10.233,0.117808219,0.117808219,Bank Subordinated Debt - AT1,Bank,FIRSTRAND BANK LTD,FIRSTRAND BANK LTD,Bank Subordinated Debt - AT1,4,-0.107833692,2.460589047,1.133540373,190,87.82993166,0,0,JIBAR,2.Oth,2.1,2.1 (c),2.1 (c) (i),0.134388835,0.134388835,0.134388835,0.134388835,2.1(c)(i),No
FRB25,,FirstRand F/R 19092024,23800000,24481000.31,0.007976668,0.007976668,2024/09/19,JIBAR,166,,9.993,0.230136986,0.983561644,Bank Subordinated Debt - AT1,Bank,FIRSTRAND BANK LTD,FIRSTRAND BANK LTD,Bank Subordinated Debt - AT1,4,-0.107833692,2.460589047,1.298932384,166,87.91262767,0,0,JIBAR,2.Oth,2.1,2.1 (c),2.1 (c) (i),0.134388835,0.134388835,0.134388835,0.134388835,,No
FRB26,,FirstRand F/R 03062024,20000000,20269325.66,0.006604374,0.006604374,2024/06/03,JIBAR,129,,9.623,0.18630137,0.687671233,Bank Subordinated Debt - Tier 2,Bank,FIRSTRAND BANK LTD,FIRSTRAND BANK LTD,Bank Subordinated Debt - Tier 2,2,-0.107833692,2.460589047,1.228956229,129,67.87763959,0,0,JIBAR,2.Oth,2.1,2.1 (c),2.1 (c) (i),0.134388835,0.134388835,0.134388835,0.134388835,,No
FRB27,,FirstRand 10.19% 030626,500000,520203.4,0.000169498,0.000169498,2026/06/03,R186,48,9.85,9.85,2.228588345,2.687671233,Bank Subordinated Debt - Tier 2,Bank,FIRSTRAND BANK LTD,FIRSTRAND BANK LTD,Bank Subordinated Debt - Tier 2,2,-0.107833692,2.460589047,-0.813942281,151.7,66.85619033,1,2.228588345,R186,2.Oth,2.1,2.1 (c),2.1 (c) (i),0.134388835,0.134388835,0.134388835,0.134388835,,No
FRB28,,FirstRand F/R 31122099,30000000,31225067.14,0.010174094,0.010174094,2025/12/02,JIBAR,272,,11.053,0.183561644,2.18630137,Bank Subordinated Debt - AT1,Bank,FIRSTRAND BANK LTD,FIRSTRAND BANK LTD,Bank Subordinated Debt - AT1,4,-0.107833692,2.460589047,1.224832215,272,87.87557758,0,0,JIBAR,2.Oth,2.1,2.1 (c),2.1 (c) (i),0.134388835,0.134388835,0.134388835,0.134388835,,No
FRB29,,FirstRand 7.429% 19042031,10000000,10384421.43,0.003383566,0.003383566,2026/04/19,JIBAR,158,,9.913,0.063013699,2.564383562,Bank Subordinated Debt - Tier 2,Bank,FIRSTRAND BANK LTD,FIRSTRAND BANK LTD,Bank Subordinated Debt - Tier 2,2,-0.107833692,2.460589047,1.067251462,158,67.79678721,0,0,JIBAR,2.Oth,2.1,2.1 (c),2.1 (c) (i),0.134388835,0.134388835,0.134388835,0.134388835,,No
FRBI23,ZAG000076498,FirstRand ILB 5.5% 07/12/2023 ,8100000,27391897.17,0.008925128,0.008925128,2023/12/07,R197,81,3.31,8.11,0.187865572,0.197260274,Bank Senior Debt - ILBs,Bank,FIRSTRAND BANK LTD,FIRSTRAND BANK LTD,Bank Senior Unsecured,0.6,-0.107833692,2.460589047,1.231323246,-22.3,53.8788231,1,0.187865572,R197,2.Oth,2.1,2.1 (c),2.1 (c) (i),0.134388835,0.134388835,0.134388835,0.134388835,2.1(c)(i),No
FRBI25,,FirstRand ILB 2.00% 31/01/2025,500000,849838.7,0.000276904,0.000276904,2025/01/31,I2025,55,4.78,9.58,1.290964346,1.350684932,Bank Senior Debt - ILBs,Bank,FIRSTRAND BANK LTD,FIRSTRAND BANK LTD,Bank Senior Unsecured,0.6,-0.107833692,2.460589047,-3.436847206,124.7,51.54473787,1,1.290964346,I2025,2.Oth,2.1,2.1 (c),2.1 (c) (i),0.134388835,0.134388835,0.134388835,0.134388835,2.1(c)(i),No
FRBI28,ZAG000079237,FirstRand ILB 2.6% 31/03/2028 ,850000,1857821.2,0.000605336,0.000605336,2028/03/31,R210,70,4.96,9.76,4.161195388,4.515068493,Bank Senior Debt - ILBs,Bank,FIRSTRAND BANK LTD,FIRSTRAND BANK LTD,Bank Senior Unsecured,0.6,-0.107833692,2.460589047,-0.31633603,142.7,53.10499346,1,4.161195388,R210,2.Oth,2.1,2.1 (c),2.1 (c) (i),0.134388835,0.134388835,0.134388835,0.134388835,2.1(c)(i),No
FRJ24,ZAG000156977,FirstRand F/R 14022024,12900000,13112534.77,0.00427247,0.00427247,2024/02/14,JIBAR,24,,8.573,0.134246575,0.38630137,Bank Senior Debt - Floating,Bank,FIRSTRAND BANK LTD,FIRSTRAND BANK LTD,Bank Senior Unsecured,0.6,-0.107833692,2.460589047,1.155063291,24,53.84069312,0,0,JIBAR,2.Oth,2.1,2.1 (c),2.1 (c) (i),0.134388835,0.134388835,0.134388835,0.134388835,2.1(c)(i),No
ZAG000156969,FRJ26,FirstRand F/R 16022026,4500000,4610596.389,0.001502275,0.001502275,2026/02/14,JIBAR,88,,9.213,0.134246575,2.389041096,Bank Senior Debt - Floating,Bank,FIRSTRAND BANK LTD,FIRSTRAND BANK LTD,Bank Senior Unsecured,0.6,-0.107833692,2.460589047,1.155063291,88,53.84069312,0,0,JIBAR,2.Oth,2.1,2.1 (c),2.1 (c) (i),0.134388835,0.134388835,0.134388835,0.134388835,,No
FRJ28,,FirstRand F/R 22062028,5000000,5063872.213,0.001649966,0.001649966,2028/06/22,JIBAR,116,,9.493,0.238356164,4.742465753,Bank Senior Debt - Floating,Bank,FIRSTRAND BANK LTD,FIRSTRAND BANK LTD,Bank Senior Unsecured,0.6,-0.107833692,2.460589047,1.31294964,116,53.91963629,0,0,JIBAR,2.Oth,2.1,2.1 (c),2.1 (c) (i),0.134388835,0.134388835,0.134388835,0.134388835,,No
FRX30,,FirstRand 9.75% 31012030,18000000,17564047.2,0.00572291,0.00572291,2030/01/31,R2030,-13,10.63,10.63,4.522941189,6.353424658,Bank Senior Debt - Fixed,Bank,FIRSTRAND BANK LTD,FIRSTRAND BANK LTD,Bank Senior Unsecured,0.6,-0.107833692,2.460589047,-0.283853731,229.7,53.12123461,1,4.522941189,R2030,2.Oth,2.1,2.1 (c),2.1 (c) (i),0.134388835,0.134388835,0.134388835,0.134388835,,No
FRS329,,First Rand F/R 01062028,50000000,54494402.06,0.017755963,0.017755963,2028/06/01,JIBAR,,,11.257,0.180821918,4.684931507,Bank Senior Debt - Floating,Bank,FIRSTRAND BANK LTD,FIRSTRAND BANK LTD,Bank Senior Unsecured,0.6,-0.107833692,2.460589047,1.220735786,292.4,53.87352937,0,0,INV JIBAR,2.Oth,2.1,2.1 (c),2.1 (c) (i),0.134388835,0.134388835,0.134388835,0.134388835,,No
FRC459,,FirstRand Bank F/R 07122033,65000000,66307070.07,0.021604896,0.021604896,2025/07/31,JIBAR,375,,12.083,0.15,1.846575342,Credit Linked Notes,Bank,FIRSTRAND BANK LTD,RSA GOVERNMENT,Credit-Linked Note,1.5,1,7,1.176470588,375,-536.4595588,0,0,JIBAR,2.Oth,2.1,2.1 (c),2.1 (c) (i),0.134388835,0.134388835,0.134388835,0.134388835,,No
FR101UCI,ZAG000194382,FirstRand Bank 12.13% 04032024,30000000,31018331.51,0.010106733,0.010106733,2024/03/04,0,0,12.13,12.13,3.143567745,0.438356164,Bank Senior Debt - Fixed,Bank,FIRSTRAND BANK LTD,FIRSTRAND BANK LTD,Bank Senior Unsecured,0.6,-0.107833692,2.460589047,-0.466511965,379.7,53.02990549,0,0,FIXED,2.Oth,2.1,2.1 (c),2.1 (c) (i),0.134388835,0.134388835,0.134388835,0.134388835,,No
FR102UCI,ZAG000194390,FirstRand Bank 0% 04032024,70000000,68869500,0.022439815,0.022439815,2024/03/04,0,0,11.665,11.665,6.173605693,0.438356164,Bank Senior Debt - Fixed,Bank,FIRSTRAND BANK LTD,FIRSTRAND BANK LTD,Bank Senior Unsecured,0.6,-0.107833692,2.460589047,-0.193288793,333.2,53.16651708,0,0,R2032,2.Oth,2.1,2.1 (c),2.1 (c) (i),0.134388835,0.134388835,0.134388835,0.134388835,,No
26NC0026,,First National Bank NCD 8.32% 30082024,20000000,20133449.32,0.006560101,0.006560101,2024/08/30,0,0,8.32,8.32,0.869871466,0.928767123,Money Market,Bank,FIRSTRAND BANK LTD,FIRSTRAND BANK LTD,Money Market,0.5,-0.107833692,2.460589047,7.684709656,-1.3,56.1055163,0,0,FIXED,1,1.1,,,0.028983955,0.028983955,0,0,,No
26NC0029,,FirstRand NCD 8.94% 27092024,20000000,20893933.95,0.006807891,0.006807891,2024/09/27,0,0,8.94,8.94,0.895342599,1.005479452,Money Market,Bank,FIRSTRAND BANK LTD,FIRSTRAND BANK LTD,Money Market,0.5,-0.107833692,2.460589047,9.554985997,60.7,57.04065447,0,0,FIXED,1,1.1,,,0.028983955,0.028983955,0,0,,No
GRT25G,,Growthpoint Properties Ltd F/R 10032028,14000000,14170071.52,0.004617048,0.004617048,2025/03/09,JIBAR,115,,9.483,0.202739726,1.452054795,Corporate Senior Debt,Corporate,GROWTHPOINT PROPERTIES LIMITED,GROWTHPOINT PROPERTIES LIMITED,Corp Senior Unsecured,1,0.382812619,-0.119348494,1.254295533,115,-161.6334706,0,0,JIBAR,2.Oth,2.1,2.1 (d),2.1 (d) (i),0.006326729,0.006326729,0.006326729,0.006326729,,No
GRT41,ZAG000164252,Growthpoint Properties Ltd F/R 20112024,3500000,3548488.483,0.001156207,0.001156207,2024/11/20,JIBAR,108,,9.413,0.150684932,1.153424658,Corporate Senior Debt,Corporate,GROWTHPOINT PROPERTIES LIMITED,GROWTHPOINT PROPERTIES LIMITED,Corp Senior Unsecured,1,0.382812619,-0.119348494,1.177419355,108,-161.6719087,0,0,JIBAR,2.Oth,2.1,2.1 (d),2.1 (d) (i),0.006326729,0.006326729,0.006326729,0.006326729,2.1(d)(i),No
GRL35,,GRL ILB 4.15% 120629,1400000,1698651.92,0.000553473,0.000553473,2029/06/12,I2029,47,4.75,9.55,4.945163126,5.715068493,ILBs,Corporate,GROWTHPOINT PROPERTIES LIMITED,GROWTHPOINT PROPERTIES LIMITED,Corp Senior Unsecured,1,0.382812619,-0.119348494,-0.253474943,121.7,-162.3873559,1,4.945163126,I2029,2.Oth,2.1,2.1 (d),2.1 (d) (i),0.006326729,0.006326729,0.006326729,0.006326729,,No
IDCG06,ZAG000121732,Industrial Development Corporation of SA Ltd 9.55% 25112024,5000000,5124500.5,0.001669721,0.001669721,2024/11/24,R186,94,10.31,10.31,1.031310613,1.164383562,SOE,SOE,INDUSTRIAL DEVELOPMENT CORPORATION SA LTD,INDUSTRIAL DEVELOPMENT CORPORATION SA LTD,Corp Senior Unsecured,1,-0.04422694,-0.192379473,-31.93805283,197.7,36.02044409,1,1.031310613,R186,2.Oth,2.1,2.1 (d),2.1 (d) (i),0.008626116,0.008626116,0.008626116,0.008626116,2.1(d)(i),Yes
ZAG000141037,IDCG11,Industrial Development Corporation of SA Ltd 10.80% 07122026,2700000,2786548.77,0.000907944,0.000907944,2026/12/05,R186,150,10.87,10.87,2.549622309,3.194520548,SOE,SOE,INDUSTRIAL DEVELOPMENT CORPORATION SA LTD,INDUSTRIAL DEVELOPMENT CORPORATION SA LTD,Corp Senior Unsecured,1,-0.04422694,-0.192379473,-0.645318536,253.7,51.66681123,1,2.549622309,R186,2.Oth,2.1,2.1 (d),2.1 (d) (i),0.008626116,0.008626116,0.008626116,0.008626116,2.1(d)(i),Yes
IDCG15,,Industrial Development Corporation of SA Ltd F/R 13112023,6750000,6841872.45,0.002229294,0.002229294,2023/11/12,JIBAR,105,,9.383,0.128767123,0.128767123,SOE,SOE,INDUSTRIAL DEVELOPMENT CORPORATION SA LTD,INDUSTRIAL DEVELOPMENT CORPORATION SA LTD,Corp Senior Unsecured,1,-0.04422694,-0.192379473,1.147798742,105,52.56336987,0,0,JIBAR,2.Oth,2.1,2.1 (d),2.1 (d) (i),0.008626116,0.008626116,0.008626116,0.008626116,,Yes
IDCG16,,Industrial Development Corporation of SA Ltd F/R 12112025,4700000,4695518.219,0.001529945,0.001529945,2025/11/12,JIBAR,265,,10.983,0.128767123,2.131506849,SOE,SOE,INDUSTRIAL DEVELOPMENT CORPORATION SA LTD,INDUSTRIAL DEVELOPMENT CORPORATION SA LTD,Corp Senior Unsecured,1,-0.04422694,-0.192379473,1.147798742,265,52.56336987,0,0,JIBAR,2.Oth,2.1,2.1 (d),2.1 (d) (i),0.008626116,0.008626116,0.008626116,0.008626116,,Yes
IDCG19,ZAG000157611,Industrial Development Corporation of SA Ltd F/R 12032024,7000000,7025765.725,0.002289212,0.002289212,2024/03/12,JIBAR,187,,10.203,0.210958904,0.460273973,SOE,SOE,INDUSTRIAL DEVELOPMENT CORPORATION SA LTD,INDUSTRIAL DEVELOPMENT CORPORATION SA LTD,Corp Senior Unsecured,1,-0.04422694,-0.192379473,1.267361111,187,52.62315106,0,0,JIBAR,2.Oth,2.1,2.1 (d),2.1 (d) (i),0.008626116,0.008626116,0.008626116,0.008626116,2.1(d)(i),Yes
26FR0029,,Investec F/R 01032027,10000000,10078427.4,0.003283864,0.003283864,2027/03/01,JIBAR,117.5,0,9.508,0.125,3.430136986,Money Market,Bank,INVESTEC BANK LTD,INVESTEC BANK LTD,Money Market,0.5,-0.333447483,0.398902376,1.142857143,117.5,186.2583523,0,0,JIBAR,1,1.1,,,0.046660511,0.046660511,0,0,,No
26NC0047,,Investec Bank NCD 9.85% 10062024,30000000,30840674.84,0.010048847,0.010048847,2024/06/10,0,0,9.85,9.85,0.648692346,0.706849315,Money Market,Bank,INVESTEC BANK LTD,INVESTEC BANK LTD,Money Market,0.5,-0.333447483,0.398902376,2.846507867,151.7,187.1101776,0,0,FIXED,1,1.1,,,0.046660511,0.046660511,0,0,,No
26NC0049,,Investec NCD 9.55% 01072024,30000000,30658912.36,0.009989623,0.009989623,2024/07/01,0,0,9.55,9.55,0.705184358,0.764383562,Money Market,Bank,INVESTEC BANK LTD,INVESTEC BANK LTD,Money Market,0.5,-0.333447483,0.398902376,3.391950284,121.7,187.3828988,1,0.705184358,FIXED,1,1.1,,,0.046660511,0.046660511,0,0,,No
26NC0051,,Investec Bank NCD 9.85% 10062024,30000000,30415890.41,0.009910439,0.009910439,2024/08/05,0,0,9.2,9.2,0.798800878,0.860273973,Money Market,Bank,INVESTEC BANK LTD,INVESTEC BANK LTD,Money Market,0.5,-0.333447483,0.398902376,4.970200626,86.7,188.172024,2,0,FIXED,1,1.1,,,0.046660511,0.046660511,0,0,,No
ZAG000112566,IBL60,Investec IBL 10.255% 17022024,2000000,2023897.4,0.000659448,0.000659448,2024/02/17,R186,69,10.06,10.06,0.371850545,0.394520548,Bank Senior Debt - Fixed,Bank,INVESTEC BANK LTD,INVESTEC BANK LTD,Bank Senior Unsecured,0.6,-0.333447483,0.398902376,1.591977819,172.7,187.4829126,1,0.371850545,R186,2.Oth,2.1,2.1 (c),2.1 (c) (i),0.073741061,0.073741061,0.073741061,0.073741061,,No
IBL109,,Investec 5.5% 07122023,3000000,10140193.5,0.003303989,0.003303989,2023/12/07,R197,107,3.57,8.37,0.187773854,0.197260274,Bank Senior Debt - ILBs,Bank,INVESTEC BANK LTD,INVESTEC BANK LTD,Bank Senior Unsecured,0.6,-0.333447483,0.398902376,1.231184203,3.7,187.3025158,1,0.187773854,R197,2.Oth,2.1,2.1 (c),2.1 (c) (i),0.073741061,0.073741061,0.073741061,0.073741061,,No
IBL168,,Investec F/R 18052026,3100000,3142158.09,0.001023812,0.001023812,2026/05/18,JIBAR,125,,9.583,0.145205479,2.643835616,Bank Senior Debt - Floating,Bank,INVESTEC BANK LTD,INVESTEC BANK LTD,Bank Senior Unsecured,0.6,-0.333447483,0.398902376,1.169871795,125,187.2718596,0,0,JIBAR,2.Oth,2.1,2.1 (c),2.1 (c) (i),0.073741061,0.073741061,0.073741061,0.073741061,,No
IBL178,,Investec F/R 20072026,2100000,2142542.435,0.000698107,0.000698107,2026/07/19,JIBAR,132,,9.653,0.063013699,2.81369863,Bank Senior Debt - Floating,Bank,INVESTEC BANK LTD,INVESTEC BANK LTD,Bank Senior Unsecured,0.6,-0.333447483,0.398902376,1.067251462,132,187.2205494,0,0,JIBAR,2.Oth,2.1,2.1 (c),2.1 (c) (i),0.073741061,0.073741061,0.073741061,0.073741061,,No
IBL208,,Investec IBL 1.85% 31012025,50000000,50563434.2,0.016475132,0.016475132,2025/01/31,JIBAR,185,,8,0.095890411,1.350684932,Capped-Rate Notes,Bank,INVESTEC BANK LTD,INVESTEC BANK LTD,Bank Senior Unsecured,0.6,-0.333447483,0.398902376,1.106060606,-33.3,187.239954,0,0,JIBAR,2.Oth,2.1,2.1 (c),2.1 (c) (i),0.073741061,0.073741061,0.073741061,0.073741061,,No
IBL224,,Investec IBL 8.4% 17052025,50000000,51553425,0.016797702,0.016797702,2025/05/17,,,,8.4,1.459358389,1.64109589,Bank Senior Debt - Fixed,Bank,INVESTEC BANK LTD,INVESTEC BANK LTD,Bank Senior Unsecured,0.6,-0.333447483,0.398902376,-2.176949467,6.7,185.598449,0,0,FIXED,2.Oth,2.1,2.1 (c),2.1 (c) (i),0.073741061,0.073741061,0.073741061,0.073741061,,No
IBL235,,Investec F/R 04072024,40000000,39468147.72,0.012859944,0.012859944,2024/07/04,JIBAR,,,6.855,0.021917808,0.77260274,Bank Senior Debt - Floating,Bank,INVESTEC BANK LTD,INVESTEC BANK LTD,Bank Senior Unsecured,0.6,-0.333447483,0.398902376,1.022408964,-147.8,187.1981282,0,0,INV JIBAR,2.Oth,2.1,2.1 (c),2.1 (c) (i),0.073741061,0.073741061,0.073741061,0.073741061,,No
IBG01,,Investec F/R 07022025,4000000,4052554.327,0.001320448,0.001320448,2025/02/07,JIBAR,124,,9.573,0.115068493,1.369863014,Bank Senior Debt - Floating,Bank,INVESTEC BANK LTD,INVESTEC BANK LTD,Bank Senior Unsecured,0.6,-0.333447483,0.398902376,1.13003096,124,187.2519392,0,0,JIBAR,2.Oth,2.1,2.1 (c),2.1 (c) (i),0.073741061,0.073741061,0.073741061,0.073741061,,No
INLV01,,INLV01 Jb3Mth+4.25% 120824,5880000,6062413.614,0.001975322,0.001975322,2024/08/12,JIBAR,242,,10.753,0.128767123,0.879452055,Bank Subordinated Debt - AT1,Bank,INVESTEC BANK LTD,INVESTEC BANK LTD,Bank Subordinated Debt - AT1,4,-0.333447483,0.398902376,1.147798742,242,221.2608231,0,0,JIBAR,2.Oth,2.1,2.1 (c),2.1 (c) (i),0.073741061,0.073741061,0.073741061,0.073741061,,No
INLV07,,Investec F/R 09032026,8000000,8219727.08,0.002678242,0.002678242,2026/03/09,JIBAR,157,,9.903,0.202739726,2.452054795,Bank Subordinated Debt - Tier 2,Bank,INVESTEC BANK LTD,INVESTEC BANK LTD,Bank Subordinated Debt - Tier 2,2,-0.333447483,0.398902376,1.254295533,157,201.3140715,0,0,JIBAR,2.Oth,2.1,2.1 (c),2.1 (c) (i),0.073741061,0.073741061,0.073741061,0.073741061,,No
IV246U,,Investec CLN F/R 25072036,49021627.95,48948431.27,0.015948914,0.015948914,2036/07/25,JIBAR,177,0,10.103,0.125,12.83835616,Credit Linked Notes,Bank,INVESTEC BANK LTD,INVESTEC BANK LTD,Credit-Linked Note,1.5,-0.333447483,0.398902376,1.142857143,177,196.2583523,0,0,JIBAR,2.Oth,2.1,2.1 (c),2.1 (c) (i),0.073741061,0.073741061,0.073741061,0.073741061,,Yes
IPF31,,Investec Property Fund Ltd F/R 25032026,2400000,2414477.512,0.000786712,0.000786712,2026/03/25,JIBAR,156,,9.893,0.246575342,2.495890411,Corporate Senior Debt,Corporate,INVESTEC PROPERTY FUND,INVESTEC PROPERTY FUND,Corp Senior Unsecured,1,-0.005578429,-0.446441775,1.327272727,156,35.86947463,0,0,JIBAR,2.Oth,2.1,2.1 (d),2.1 (d) (i),0.000950435,0.000950435,0.000950435,0.000950435,,No
ZAG000175795,IPFG01,#N/A,500000,502478.4048,0.000163723,0.000163723,2024/06/22,JIBAR,137,,9.703,0.238356164,0.739726027,Corporate Senior Debt,Corporate,INVESTEC PROPERTY FUND,INVESTEC PROPERTY FUND,Corp Senior Unsecured,1,-0.005578429,-0.446441775,1.31294964,137,35.86231308,0,0,JIBAR,2.Oth,2.1,2.1 (d),2.1 (d) (i),0.000950435,0.000950435,0.000950435,0.000950435,,No
KAP015,,Kap Industrial Holdings Ltd F/R 01112024,500000,510159.4227,0.000166226,0.000166226,2024/11/01,JIBAR,121,,9.543,0.098630137,1.101369863,Corporate Senior Debt,Corporate,KAP INDUSTRIAL HOLDINGS,KAP INDUSTRIAL HOLDINGS,Corp Senior Unsecured,1,-0.172025096,-0.207190649,1.109422492,121,116.5913719,0,0,JIBAR,2.Oth,2.1,2.1 (d),2.1 (d) (i),0.005194,0.005194,0.005194,0.005194,,No
KAP018,,KAP Industrial Holdings Ltd F/R 15042024,15000000,15430622.83,0.005027775,0.005027775,2024/04/14,JIBAR,77,,9.103,0.049315068,0.550684932,Corporate Senior Debt,Corporate,KAP INDUSTRIAL HOLDINGS,KAP INDUSTRIAL HOLDINGS,Corp Senior Unsecured,1,-0.172025096,-0.207190649,1.051873199,77,116.5625972,0,0,JIBAR,2.Oth,2.1,2.1 (d),2.1 (d) (i),0.005194,0.005194,0.005194,0.005194,,No
26SR0010,,Landbank 13.067% 11052023,1758820.67,1775191.77,0.000578412,0.000578412,2024/06/01,0,0,13.067,13.067,0.125,0.682191781,Step-Up Notes,SOE,LANDBANK,LANDBANK,Money Market,0.5,0.020427899,0.307184788,1.142857143,473.4,10.23783703,0,0,FIXED,2.Oth,2.1,2.1 (d),2.1 (d) (ii),0.00171755,0.00171755,0.00171755,0.00171755,,Yes
ZAG000147364,LBK24CI,Landbank 10.29% 10102024,42870.18,45491.75,1.48226E-05,1.48226E-05,2024/10/10,R186,300,8.905,8.905,0.932437506,1.04109589,SOE,SOE,LANDBANK,LANDBANK,Corp Senior Unsecured,1,0.020427899,0.307184788,14.80111144,57.2,22.06696418,1,0.932437506,R186,2.Oth,2.1,2.1 (d),2.1 (d) (ii),0.00171755,0.00171755,0.00171755,0.00171755,2.1(d)(i),Yes
LBK27CI,ZAG000150335,Land & Agricultural Dev Bank of SA F/R CI 23032023,342962.41,331081.22,0.000107877,0.000107877,2024/03/23,0,0,9.408,9.408,0.1,0.490410959,SOE,SOE,LANDBANK,LANDBANK,Corp Senior Unsecured,1,0.020427899,0.307184788,1.111111111,107.5,15.22196402,0,0,FIXED,2.Oth,2.1,2.1 (d),2.1 (d) (ii),0.00171755,0.00171755,0.00171755,0.00171755,2.1(d)(i),Yes
ZAG000151275,LBK28CI,Land & Agricultural Dev Bank of SA 10.565% 15052028,471572.94,468081.06,0.000152515,0.000152515,2028/05/15,R2030,307,11.88,11.88,3.343988358,4.638356164,SOE,SOE,LANDBANK,LANDBANK,Corp Senior Unsecured,1,0.020427899,0.307184788,-0.426623279,354.7,14.45309682,1,3.343988358,R2030,2.Oth,2.1,2.1 (d),2.1 (d) (ii),0.00171755,0.00171755,0.00171755,0.00171755,2.1(d)(i),Yes
ZAG000151853,LBK29CI,Land & Agricultural Dev Bank of SA 9.715% 07062026,2572218.55,2575201.35,0.00083908,0.00083908,2026/06/07,R186,400,9.955,9.955,2.249982909,2.698630137,SOE,SOE,LANDBANK,LANDBANK,Corp Senior Unsecured,1,0.020427899,0.307184788,-0.800010939,162.2,14.26640299,1,2.249982909,R186,2.Oth,2.1,2.1 (d),2.1 (d) (ii),0.00171755,0.00171755,0.00171755,0.00171755,2.1(d)(i),Yes
LBK38CI,ZAG000166240,Land & Agricultural Dev Bank of SA F/R 16022023,85740.35,76243.85,2.48426E-05,2.48426E-05,2023/09/26,0,0,8.025,8.025,0.1,0,SOE,SOE,LANDBANK,LANDBANK,Corp Senior Unsecured,1,0.020427899,0.307184788,1.111111111,-30.8,15.22196402,0,0,FIXED,2.Oth,2.1,2.1 (d),2.1 (d) (ii),0.00171755,0.00171755,0.00171755,0.00171755,2.1(d)(i),Yes
LGL12,,Liberty Group Limited F/R 04102027,25000000,25205078.6,0.008212595,0.008212595,2027/10/04,JIBAR,135,,9.683,0.021917808,4.024657534,Insurer Sub Debt,Insurer,LIBERTY GROUP,LIBERTY GROUP,Bank Subordinated Debt - Tier 2,2,0.066811181,-0.309030193,1.022408964,135,8.148121911,0,0,JIBAR,2.Oth,2.1,2.1 (d),2.1 (d) (i),0.008212595,0.008212595,0.008212595,0.008212595,,No
MMIG06,,Momentum Metropolitan Life Ltd F/R 6.800% 19/10/28,13200000,13488388.09,0.004394934,0.004394934,2023/10/19,JIBAR,101,,9.343,0.063013699,0.063013699,Insurer Sub Debt,Insurer,MMI GROUP,MMI GROUP,Bank Subordinated Debt - Tier 2,2,-0.16505486,-0.226921889,1.067251462,101,123.2824804,0,0,JIBAR,2.Oth,2.1,2.1 (d),2.1 (d) (i),0.008695594,0.008695594,0.008695594,0.008695594,,No
MML01,,Momentum Metropolitan Life Limited F/R 10122026,9000000,9127798.214,0.002974119,0.002974119,2026/12/10,JIBAR,141,,9.743,0.205479452,3.208219178,Insurer Sub Debt,Insurer,MMI GROUP,MMI GROUP,Bank Subordinated Debt - Tier 2,2,-0.16505486,-0.226921889,1.25862069,141,123.378165,0,0,JIBAR,2.Oth,2.1,2.1 (d),2.1 (d) (i),0.008695594,0.008695594,0.008695594,0.008695594,,No
MML03,,Momentum Metropolitan Life Limited F/R 15032028,4000000,4071253.923,0.001326541,0.001326541,2028/03/15,JIBAR,155,,9.883,0.219178082,4.471232877,Insurer Sub Debt,Insurer,MMI GROUP,MMI GROUP,Bank Subordinated Debt - Tier 2,2,-0.16505486,-0.226921889,1.280701754,155,123.3892056,0,0,JIBAR,2.Oth,2.1,2.1 (d),2.1 (d) (i),0.008695594,0.008695594,0.008695594,0.008695594,,No
MTN10,ZAG000147257,Mobile Telephone Networks Holdings (Pty) Ltd F/R 11102024 ,650000,673023.8204,0.000219292,0.000219292,2024/10/11,JIBAR,98,,9.313,0.04109589,1.043835616,Corporate Senior Debt,Corporate,MOBILE TELEPHONE NETWORK HOLDINGS PTY LTD,MOBILE TELEPHONE NETWORK HOLDINGS PTY LTD,Corp Senior Unsecured,1,-0.191666369,-0.109082716,1.042857143,98,125.3976463,0,0,JIBAR,2.Oth,2.1,2.1 (d),2.1 (d) (i),0.01000713,0.01000713,0.007434727,0.007434727,2.1(d)(i),Yes
MTN13,ZAG000151697,Mobile Telephone Networks Holdings Ltd F/R 04062025,950000,969480.4765,0.000315887,0.000315887,2025/06/04,JIBAR,115,,9.483,0.189041096,1.690410959,Corporate Senior Debt,Corporate,MOBILE TELEPHONE NETWORK HOLDINGS PTY LTD,MOBILE TELEPHONE NETWORK HOLDINGS PTY LTD,Corp Senior Unsecured,1,-0.191666369,-0.109082716,1.233108108,115,125.4927718,0,0,JIBAR,2.Oth,2.1,2.1 (d),2.1 (d) (i),0.01000713,0.01000713,0.007434727,0.007434727,2.1(d)(i),Yes
MTN19,ZAG000162199,Mobile Telephone Networks Holdings Ltd F/R 070325      ,1300000,1315788.625,0.000428725,0.000428725,2025/03/07,JIBAR,124,,9.573,0.197260274,1.446575342,Corporate Senior Debt,Corporate,MOBILE TELEPHONE NETWORK HOLDINGS PTY LTD,MOBILE TELEPHONE NETWORK HOLDINGS PTY LTD,Corp Senior Unsecured,1,-0.191666369,-0.109082716,1.245733788,124,125.4990847,0,0,JIBAR,2.Oth,2.1,2.1 (d),2.1 (d) (i),0.01000713,0.01000713,0.007434727,0.007434727,2.1(d)(i),Yes
MTN20,ZAG000162215,Mobile Telephone Networks Holdings (Pty) Ltd F/R 07092026,6500000,6643862.841,0.002164776,0.002164776,2026/09/07,JIBAR,132,,9.653,0.197260274,2.950684932,Corporate Senior Debt,Corporate,MOBILE TELEPHONE NETWORK HOLDINGS PTY LTD,MOBILE TELEPHONE NETWORK HOLDINGS PTY LTD,Corp Senior Unsecured,1,-0.191666369,-0.109082716,1.245733788,132,125.4990847,0,0,JIBAR,2.Oth,2.1,2.1 (d),2.1 (d) (i),0.01000713,0.01000713,0.007434727,0.007434727,2.1(d)(i),Yes
MTN26,,MobileTelephone Networks Ltd F/R 29062026,3000000,3047213.408,0.000992876,0.000992876,2026/06/29,JIBAR,139,,9.723,0.008219178,2.75890411,Corporate Senior Debt,Corporate,MOBILE TELEPHONE NETWORK HOLDINGS PTY LTD,MOBILE TELEPHONE NETWORK HOLDINGS PTY LTD,Corp Senior Unsecured,1,-0.191666369,-0.109082716,1.008287293,139,125.3803614,0,0,JIBAR,2.Oth,2.1,2.1 (d),2.1 (d) (i),0.01000713,0.01000713,0.007434727,0.007434727,,Yes
MTN33,,Mobile Telephone Networks Holding LTD F/R 130929,10000000,10168374.01,0.003313171,0.003313171,2029/09/13,JIBAR,171,,10.043,0.21369863,5.969863014,Corporate Senior Debt,Corporate,MOBILE TELEPHONE NETWORK HOLDINGS PTY LTD,MOBILE TELEPHONE NETWORK HOLDINGS PTY LTD,Corp Senior Unsecured,1,-0.191666369,-0.109082716,1.271777003,171,125.5121063,0,0,JIBAR,2.Oth,2.1,2.1 (d),2.1 (d) (i),0.01000713,0.01000713,0.007434727,0.007434727,,Yes
MWAR05,,MW Asset Rentals (RF) F/R 22112023,1700000,1719025.688,0.000560112,0.000560112,2023/11/22,JIBAR,230,,10.633,0.156164384,0.156164384,Securitization,Corporate,MW ASSET RENTALS (RF) LIMITED,MW ASSET RENTALS (RF) LIMITED,Senior Secured,0.9,0,-0.080677079,1.185064935,230,28.35150918,0,0,JIBAR,2.Oth,2.1,2.1 (e),2.1 (e) (i),0.000560112,0.000560112,0.000560112,0.000560112,,No
NBK25B,ZAG000123613,Nedbank Ltd F/R 12022025,19000000,19458895.77,0.006340311,0.006340311,2025/02/12,JIBAR,114,,9.473,0.128767123,1.383561644,Bank Senior Debt - Floating,Bank,NEDBANK LTD,NEDBANK LTD,Bank Senior Unsecured,0.6,-0.395565495,2.467172627,1.147798742,114,197.6371263,0,0,JIBAR,2.Oth,2.1,2.1 (c),2.1 (c) (i),0.059357521,0.06757697,0.06757697,0.06757697,2.1(c)(i),No
NBKB56,ZAG000161183,Nedbank F/R 01082024,1000000,1018654.741,0.000331909,0.000331909,2024/08/01,JIBAR,90,,9.233,0.098630137,0.849315068,Bank Senior Debt - Floating,Bank,NEDBANK LTD,NEDBANK LTD,Bank Senior Unsecured,0.6,-0.395565495,2.467172627,1.109422492,90,197.6179382,0,0,JIBAR,2.Oth,2.1,2.1 (c),2.1 (c) (i),0.059357521,0.06757697,0.06757697,0.06757697,2.1(c)(i),No
NCLN82,,Nedbank CLN F/R 20032024,2400000,2404506.539,0.000783463,0.000783463,2024/03/20,JIBAR,214.5,,10.478,0.232876712,0.482191781,Credit Linked Notes,Bank,NEDBANK LTD,ESKOM,Credit-Linked Note,1.5,0.175877894,4.834492325,1.303571429,214.5,-102.6798786,0,0,JIBAR,2.Oth,2.1,2.1 (c),2.1 (c) (i),0.059357521,0.06757697,0.06757697,0.06757697,,No
NN229,ZAG000197245,Nedbank F/R 31032032,25000000,24980058.55,0.008139276,0.008139276,2032/03/31,JIBAR,170,,10.033,0.010958904,8.517808219,Credit Linked Notes,Bank,NEDBANK LTD,RSA GOVERNMENT,Credit-Linked Note,1.5,1,7,1.011080332,170,-536.5422539,0,0,JIBAR,2.Oth,2.1,2.1 (c),2.1 (c) (i),0.059357521,0.06757697,0.06757697,0.06757697,2.1(c)(i),No
NN247,ZAG000198896,Nedbank F/R 28082035,25000000,25226116.41,0.00821945,0.00821945,2035/02/28,JIBAR,192,,10.253,0.178082192,11.43287671,Credit Linked Notes,Bank,NEDBANK LTD,RSA GOVERNMENT,Credit-Linked Note,1.5,1,7,1.216666667,192,-536.4394607,0,0,JIBAR,1,2.1,2.1 (c),2.1 (c) (i),0.009526195,0.06757697,0.06757697,0.06757697,2.1(c)(i),No
NGL06,,Nedbank Group Limited F/R 01122023,40000000,40407238.05,0.013165929,0.013165929,2023/12/01,JIBAR,135,,9.683,0.180821918,0.180821918,Bank Subordinated Debt - Tier 2,Bank,NEDBANK LTD,NEDBANK LTD,Bank Subordinated Debt - Tier 2,2,-0.395565495,2.467172627,1.220735786,135,211.6735948,0,0,JIBAR,2.Oth,2.1,2.1 (c),2.1 (c) (i),0.059357521,0.06757697,0.06757697,0.06757697,2.1(c)(i),No
NGLT1B,,Nedbank Group Limited F/R 20102023,19380662,19904337.15,0.006485449,0.006485449,2023/10/20,JIBAR,220,,10.533,0.065753425,0.065753425,Bank Subordinated Debt - AT1,Bank,NEDBANK LTD,NEDBANK LTD,Bank Subordinated Debt - AT1,4,-0.395565495,2.467172627,1.070381232,220,231.5984175,0,0,JIBAR,2.Oth,2.1,2.1 (c),2.1 (c) (i),0.059357521,0.06757697,0.06757697,0.06757697,,No
NGT103,,Nedbank Group Limited F/R 25032024,42000000,42682113.06,0.013907154,0.013907154,2024/03/25,JIBAR,103,,9.363,0.246575342,0.495890411,Bank Subordinated Debt - AT1,Bank,NEDBANK LTD,NEDBANK LTD,Bank Subordinated Debt - AT1,4,-0.395565495,2.467172627,1.327272727,103,231.7268633,0,0,JIBAR,2.Oth,2.1,2.1 (c),2.1 (c) (i),0.059357521,0.06757697,0.06757697,0.06757697,,No
NGT104,ZAG000160441,Nedbank Group Limited F/R 15012025,14674000,15465988.52,0.005039298,0.005039298,2025/01/15,JIBAR,220,,10.533,0.052054795,1.306849315,Bank Subordinated Debt - AT1,Bank,NEDBANK LTD,NEDBANK LTD,Bank Subordinated Debt - AT1,4,-0.395565495,2.467172627,1.054913295,220,231.5906836,0,0,JIBAR,2.Oth,2.1,2.1 (c),2.1 (c) (i),0.059357521,0.06757697,0.06757697,0.06757697,2.1(c)(i),No
NGT105,ZAG000164526,Nedbank Group Limited F/R 22052025,5000000,5188633.793,0.001690618,0.001690618,2025/05/22,JIBAR,260,,10.933,0.156164384,1.654794521,Bank Subordinated Debt - AT1,Bank,NEDBANK LTD,NEDBANK LTD,Bank Subordinated Debt - AT1,4,-0.395565495,2.467172627,1.185064935,260,231.6557594,0,0,JIBAR,2.Oth,2.1,2.1 (c),2.1 (c) (i),0.059357521,0.06757697,0.06757697,0.06757697,2.1(c)(i),No
NGT107,,Nedbank Group Limited F/R 7.883% 19/11/2025,10130000,10662319.69,0.003474114,0.003474114,2025/11/19,JIBAR,250,,10.833,0.147945205,2.150684932,Bank Subordinated Debt - AT1,Bank,NEDBANK LTD,NEDBANK LTD,Bank Subordinated Debt - AT1,4,-0.395565495,2.467172627,1.173633441,250,231.6500436,0,0,JIBAR,2.Oth,2.1,2.1 (c),2.1 (c) (i),0.059357521,0.06757697,0.06757697,0.06757697,,No
VND447E,ZAM000466846,Nedbank F/R 14062024,2000000,2006826.25,0.000653886,0.000653886,2024/06/14,JIBAR,125,0,9.583,0.125,0.717808219,Money Market,Bank,NEDBANK LTD,NEDBANK LTD,Money Market,0.5,-0.395565495,2.467172627,1.142857143,125,196.6346555,0,0,JIBAR,1,1.1,,,0.009526195,0.001306746,0,0,,No
VND449A,ZAM000467570,Nedbank F/R 20062024,2000000,2003675.67,0.00065286,0.00065286,2024/06/20,JIBAR,125,0,9.583,0.125,0.734246575,Money Market,Bank,NEDBANK LTD,NEDBANK LTD,Money Market,0.5,-0.395565495,2.467172627,1.142857143,125,196.6346555,0,0,JIBAR,1,1.1,,,0.009526195,0.001306746,0,0,,No
NHM016,,Northam Platinum Holdings F/R 12052025,20700000,21875407.15,0.007127685,0.007127685,2025/05/11,JIBAR,156,,9.893,0.126027397,1.624657534,Corporate Senior Debt,Corporate,NORTHAM PLATINUM,NORTHAM PLATINUM,Corp Senior Unsecured,1,-0.390364355,0,1.144200627,156,223.706484,0,0,JIBAR,2.Oth,2.1,2.1 (d),2.1 (d) (i),0.013839579,0.013839579,0.013839579,0.013839579,,No
NHM019,,Northam Platinum Holdings F/R 27052024 ,20000000,20599312.42,0.006711894,0.006711894,2024/05/25,JIBAR,114,,9.473,0.164383562,0.663013699,Corporate Senior Debt,Corporate,NORTHAM PLATINUM,NORTHAM PLATINUM,Corp Senior Unsecured,1,-0.390364355,0,1.196721311,114,223.7327443,0,0,JIBAR,2.Oth,2.1,2.1 (d),2.1 (d) (i),0.013839579,0.013839579,0.013839579,0.013839579,,No
OML10,,Old Mutual Life Assurance Company 11.35% 15092025,635000,658236.174,0.000214474,0.000214474,2025/09/14,R186,15,9.52,9.52,1.724059599,1.969863014,Insurer Sub Debt,Insurer,OLD MUTUAL,OLD MUTUAL,Bank Subordinated Debt - Tier 2,2,-0.464484483,-0.198189439,-1.38110178,118.7,271.4857908,1,1.724059599,R186,2.Oth,2.1,2.1 (d),2.1 (d) (i),0.009500415,0.009500415,0.009500415,0.009500415,,No
OML11,ZAG000160094,Old Mutual F/R 110624     ,2800000,2824907.943,0.000920442,0.000920442,2024/06/11,JIBAR,95,,9.283,0.208219178,0.709589041,Insurer Sub Debt,Insurer,OLD MUTUAL,OLD MUTUAL,Bank Subordinated Debt - Tier 2,2,-0.464484483,-0.198189439,1.262975779,95,272.8078296,0,0,JIBAR,2.Oth,2.1,2.1 (d),2.1 (d) (i),0.009500415,0.009500415,0.009500415,0.009500415,2.1(d)(i),No
OML12,,Old Mutual Life Assurance Company SA Ltd Float 11/12/25,25000000,25674351.93,0.008365499,0.008365499,2025/11/12,JIBAR,120,,9.533,0.128767123,2.131506849,Insurer Sub Debt,Insurer,OLD MUTUAL,OLD MUTUAL,Bank Subordinated Debt - Tier 2,2,-0.464484483,-0.198189439,1.147798742,120,272.750241,0,0,JIBAR,2.Oth,2.1,2.1 (d),2.1 (d) (i),0.009500415,0.009500415,0.009500415,0.009500415,,No
PARS01,,Pan African Resources Funding Company Limited F/R 13122025,10000000,10071188.05,0.003281505,0.003281505,2025/12/13,JIBAR,350,,11.833,0.21369863,2.216438356,Corporate Senior Debt,Corporate,PAN AFRICAN RESOURCES,PAN AFRICAN RESOURCES,Corp Senior Unsecured,1,2.016478599,0,1.271777003,350,-979.6512049,0,0,JIBAR,2.Oth,2.1,2.1 (d),2.1 (d) (i),0.003281505,0.003281505,0.003281505,0.003281505,,No
PEP04,,PPHSJ Float 05/05/26,15000000,15399391.96,0.005017599,0.005017599,2026/05/05,JIBAR,118,,9.513,0.109589041,2.608219178,Corporate Senior Debt,Corporate,PEPKOR HOLDINGS LTD,PEPKOR HOLDINGS LTD,Corp Senior Unsecured,1,0.765208942,0,1.123076923,118,-354.0907268,0,0,JIBAR,2.Oth,2.1,2.1 (d),2.1 (d) (i),0.005017599,0.005017599,0.005017599,0.005017599,,No
I2025,ZAG000096587,Republic of South Africa ILB 2% 31/01/2025,50000000,85590265,0.027887958,0.027887958,2025/01/31,,,4.23,9.03,1.294506265,1.350684932,ILBs,Govi,RSA GOVERNMENT,RSA GOVERNMENT,Government,0.1,1,7,-3.395513507,69.7,-552.7455508,1,1.294506265,I2025,2.Gov,2.1,2.1 (a),,0.076992773,0.074274227,0.076992773,0,2.1(a),No
R186,ZAG000016320,R186 Fixed 10.5% 20271221,10000000,10592424,0.00345134,0.00345134,2026/12/21,,,9.37,9.37,2.630191254,3.238356164,Govis,Govi,RSA GOVERNMENT,RSA GOVERNMENT,Government,0.1,1,7,-0.613424957,103.7,-551.3545066,1,2.630191254,R186,2.Gov,2.1,2.1 (a),,0.076992773,0.074274227,0.076992773,0,2.1(a),No
R2030,,R2030 Fixed 8.00% 20300131,70000000,62183443,0.020261291,0.020261291,2030/01/31,,,10.76,10.76,4.670812371,6.353424658,Govis,Govi,RSA GOVERNMENT,RSA GOVERNMENT,Government,0.1,1,7,-0.272419263,242.7,-551.1840037,1,4.670812371,R2030,2.Gov,2.1,2.1 (a),,0.076992773,0.074274227,0.076992773,0,,No
R2032,,R2032 Fixed 8.25% 20320331,85000000,69587120,0.022673638,0.022673638,2032/03/31,,,11.665,11.665,5.67710858,8.517808219,Govis,Govi,RSA GOVERNMENT,RSA GOVERNMENT,Government,0.1,1,7,-0.213807309,333.2,-551.1546977,1,5.67710858,R2032,2.Gov,2.1,2.1 (a),,0.076992773,0.074274227,0.076992773,0,,No
R2035,,R2035 Fixed 8.875% 20350228,10500000,8343426,0.002718547,0.002718547,2035/02/28,,,12.4,12.4,6.400762841,11.43287671,Govis,Govi,RSA GOVERNMENT,RSA GOVERNMENT,Government,0.1,1,7,-0.185159028,406.7,-551.1403736,2,0,R2035,2.Gov,3.1,2.1 (a),,0.076992773,0.002718547,0.076992773,0,,No
26TB0030,,,10000000,0,0,0,2023/08/10,0,0,8.05,8.05,0,-0.128767123,Treasury Bills,Govi,RSA GOVERNMENT,RSA GOVERNMENT,Government,0.1,1,7,1,-28.3,-550.5477941,0,0,FIXED,2.Gov,2.1,2.1 (a),,0.076992773,0.074274227,0.076992773,0,,No
RDFB24,ZAG000161910,Redefine Properties Ltd F/R 22082024,1000000,1016066.899,0.000331066,0.000331066,2024/08/22,JIBAR,100,,9.333,0.156164384,0.906849315,Corporate Senior Debt,Corporate,REDEFINE PROPERTIES,REDEFINE PROPERTIES,Corp Senior Unsecured,1,-0.075550722,-0.135911344,1.185064935,100,67.67921285,0,0,JIBAR,2.Oth,2.1,2.1 (d),2.1 (d) (i),0.000331066,0.000331066,0.000331066,0.000331066,2.1(d)(i),No
RFCA1,,Richefond Circle Limited F/R 21122026,600000,601453.3419,0.000195972,0.000195972,2026/12/20,JIBAR,152,,9.853,0.232876712,3.235616438,Securitization,Corporate,RICHEFOND CIRCLE (RF) LIMITED,RICHEFOND CIRCLE (RF) LIMITED,Senior Secured,0.9,0,-0.080677079,1.303571429,152,28.41076242,0,0,JIBAR,2.Oth,2.1,2.1 (e),2.1 (e) (i),0.000195972,0.000195972,0.000195972,0.000195972,,No
SNT05,,Santam Limited F/R 30112025,4500000,4538325.182,0.001478727,0.001478727,2025/11/30,JIBAR,198,,10.313,0.178082192,2.180821918,Insurer Sub Debt,Insurer,SANTAM,SANTAM,Bank Subordinated Debt - Tier 2,2,1.405201242,-0.407272913,1.216666667,198,-659.9673525,0,0,JIBAR,2.Oth,2.1,2.1 (d),2.1 (d) (i),0.001478727,0.001478727,0.001478727,0.001478727,,No
SPG005,,Super Group F/R 15032024,3759824,3786232.238,0.001233672,0.001233672,2024/03/15,JIBAR,104,,9.373,0.219178082,0.468493151,Corporate Senior Debt,Corporate,SUPER GROUP LIMITED,SUPER GROUP LIMITED,Corp Senior Unsecured,1,2.016478599,0,1.280701754,104,-979.6467425,0,0,JIBAR,2.Oth,2.1,2.1 (d),2.1 (d) (i),0.003733289,0.003733289,0.003733289,0.003733289,,No
SPG007,,Super Group Ltd F/R 18062024,3532392,3566149.218,0.001161962,0.001161962,2024/06/18,JIBAR,70,,9.033,0.22739726,0.728767123,Corporate Senior Debt,Corporate,SUPER GROUP LIMITED,SUPER GROUP LIMITED,Corp Senior Unsecured,1,2.016478599,0,1.294326241,70,-979.6399303,0,0,JIBAR,2.Oth,2.1,2.1 (d),2.1 (d) (i),0.003733289,0.003733289,0.003733289,0.003733289,,No
SPG009,,Super Group Ltd F/R 15102024,4000000,4105367.009,0.001337656,0.001337656,2024/10/15,JIBAR,99,,9.323,0.052054795,1.054794521,Corporate Senior Debt,Corporate,SUPER GROUP LIMITED,SUPER GROUP LIMITED,Corp Senior Unsecured,1,2.016478599,0,1.054913295,99,-979.7596367,0,0,JIBAR,2.Oth,2.1,2.1 (d),2.1 (d) (i),0.003733289,0.003733289,0.003733289,0.003733289,,No
SBS21,,Standard Bank F/R 15052026,4000000,4165754.408,0.001357332,0.001357332,2026/05/15,JIBAR,97.25,,9.3055,0.136986301,2.635616438,Bank Senior Debt - Floating,Bank,STANDARD BANK LTD,STANDARD BANK LTD,Bank Senior Unsecured,0.6,-0.260344705,2.620447875,1.158730159,97.25,128.4994446,0,0,JIBAR,2.Oth,2.1,2.1 (c),2.1 (c) (i),0.101404395,0.101404395,0.101404395,0.101404395,,No
SBS27,ZAG000112772,Standard Bank 10.13% 20022024,2200000,2225051.84,0.000724991,0.000724991,2024/02/20,R186,47,9.84,9.84,0.379777282,0.402739726,Bank Senior Debt - Fixed,Bank,STANDARD BANK LTD,STANDARD BANK LTD,Bank Senior Unsecured,0.6,-0.260344705,2.620447875,1.612324042,150.7,128.7262416,1,0.379777282,R186,2.Oth,2.1,2.1 (c),2.1 (c) (i),0.101404395,0.101404395,0.101404395,0.101404395,2.1(c)(i),No
SBS39,,Standard Bank 9.71% 29012030,12000000,11667050.4,0.003801486,0.003801486,2030/01/29,R213,-63.5,10.68,10.68,4.517985079,6.347945205,Bank Senior Debt - Fixed,Bank,STANDARD BANK LTD,STANDARD BANK LTD,Bank Senior Unsecured,0.6,-0.260344705,2.620447875,-0.284253622,234.7,127.7779527,1,4.517985079,R213,2.Oth,2.1,2.1 (c),2.1 (c) (i),0.101404395,0.101404395,0.101404395,0.101404395,2.1(c)(i),No
SBS52,ZAG000143512,Standard Bank F/R 29012030,17100000,18000802.12,0.005865219,0.005865219,2030/01/29,JIBAR,129,,9.623,0.090410959,6.347945205,Bank Senior Debt - Floating,Bank,STANDARD BANK LTD,STANDARD BANK LTD,Bank Senior Unsecured,0.6,-0.260344705,2.620447875,1.09939759,129,128.4697783,0,0,JIBAR,2.Oth,2.1,2.1 (c),2.1 (c) (i),0.101404395,0.101404395,0.101404395,0.101404395,2.1(c)(i),No
SBS53,ZAG000143603,Standard Bank of South Africa LtdF/R 03052027 ,7900000,8237436.003,0.002684012,0.002684012,2027/05/03,JIBAR,110,,9.433,0.104109589,3.602739726,Bank Senior Debt - Floating,Bank,STANDARD BANK LTD,STANDARD BANK LTD,Bank Senior Unsecured,0.6,-0.260344705,2.620447875,1.116207951,110,128.4781835,0,0,JIBAR,2.Oth,2.1,2.1 (c),2.1 (c) (i),0.101404395,0.101404395,0.101404395,0.101404395,2.1(c)(i),No
SBS57,,Standard Bank F/R 12062024,30800000,31122568.93,0.010140697,0.010140697,2024/06/12,JIBAR,86,,9.193,0.210958904,0.712328767,Bank Senior Debt - Floating,Bank,STANDARD BANK LTD,STANDARD BANK LTD,Bank Senior Unsecured,0.6,-0.260344705,2.620447875,1.267361111,86,128.5537601,0,0,JIBAR,2.Oth,2.1,2.1 (c),2.1 (c) (i),0.101404395,0.101404395,0.101404395,0.101404395,,No
SBS58,ZAG000144619,Standard Bank F/R 12062027,10000000,10310634.79,0.003359524,0.003359524,2027/06/12,JIBAR,110,,9.433,0.210958904,3.712328767,Bank Senior Debt - Floating,Bank,STANDARD BANK LTD,STANDARD BANK LTD,Bank Senior Unsecured,0.6,-0.260344705,2.620447875,1.267361111,110,128.5537601,0,0,JIBAR,2.Oth,2.1,2.1 (c),2.1 (c) (i),0.101404395,0.101404395,0.101404395,0.101404395,2.1(c)(i),No
SBS63,,Standard Bank F/R 02022026,10000000,10259534.82,0.003342874,0.003342874,2026/01/31,JIBAR,99,,9.323,0.095890411,2.350684932,Bank Senior Debt - Floating,Bank,STANDARD BANK LTD,STANDARD BANK LTD,Bank Senior Unsecured,0.6,-0.260344705,2.620447875,1.106060606,99,128.4731098,0,0,JIBAR,2.Oth,2.1,2.1 (c),2.1 (c) (i),0.101404395,0.101404395,0.101404395,0.101404395,,No
ZAG000183203,SBS71,Standard Bank 5.458% 20270202,10000000,10200414.45,0.003323611,0.003323611,2027/02/02,JIBAR,119.5,,9.528,0.101369863,3.356164384,Bank Senior Debt - Floating,Bank,STANDARD BANK LTD,STANDARD BANK LTD,Bank Senior Unsecured,0.6,-0.260344705,2.620447875,1.112804878,119.5,128.476482,0,0,JIBAR,2.Oth,2.1,2.1 (c),2.1 (c) (i),0.101404395,0.101404395,0.101404395,0.101404395,,No
SBS77,,SDR F/R 191027,13000000,10000000,0.00325831,0.00325831,2027/10/19,JIBAR,126,,9.593,0.063013699,4.065753425,Bank Senior Debt - Floating,Bank,STANDARD BANK LTD,STANDARD BANK LTD,Bank Senior Unsecured,0.6,-0.260344705,2.620447875,1.067251462,126,128.4537053,0,0,JIBAR,2.Oth,2.1,2.1 (c),2.1 (c) (i),0.101404395,0.101404395,0.101404395,0.101404395,,No
SBSS01,,Standard Bank F/R 19082024,5000000,10000000,0.00325831,0.00325831,2024/08/19,JIBAR,80,,9.133,0.147945205,0.898630137,Bank Senior Debt - Floating,Bank,STANDARD BANK LTD,STANDARD BANK LTD,Bank Senior Unsecured,0.6,-0.260344705,2.620447875,1.173633441,80,128.5068963,0,0,JIBAR,2.Oth,2.1,2.1 (c),2.1 (c) (i),0.101404395,0.101404395,0.101404395,0.101404395,,No
SBSI11,,Standard Bank ILB 5.50% 07/12/2023,470000,1589137.586,0.00051779,0.00051779,2023/12/07,R197,90,3.4,8.2,0.187833813,0.197260274,Bank Senior Debt - ILBs,Bank,STANDARD BANK LTD,STANDARD BANK LTD,Bank Senior Unsecured,0.6,-0.260344705,2.620447875,1.231275097,-13.3,128.5357171,1,0.187833813,R197,2.Oth,2.1,2.1 (c),2.1 (c) (i),0.101404395,0.101404395,0.101404395,0.101404395,,No
SBSI14,,Standard Bank ILB 3.45% 07122033,2450000,5870891.145,0.001912918,0.001912918,2033/12/07,R202,60,5.47,10.27,8.181523318,10.20547945,Bank Senior Debt - ILBs,Bank,STANDARD BANK LTD,STANDARD BANK LTD,Bank Senior Unsecured,0.6,-0.260344705,2.620447875,-0.139246223,193.7,127.8504564,1,8.181523318,R202,2.Oth,2.1,2.1 (c),2.1 (c) (i),0.101404395,0.101404395,0.101404395,0.101404395,,No
SBT104,,Standard Bank F/R 30092025,8600000,9206872.923,0.002999884,0.002999884,2025/09/30,JIBAR,238,,10.713,0.010958904,2.01369863,Bank Subordinated Debt - AT1,Bank,STANDARD BANK LTD,STANDARD BANK LTD,Bank Subordinated Debt - AT1,4,-0.260344705,2.620447875,1.011080332,238,162.4256197,0,0,JIBAR,2.Oth,2.1,2.1 (c),2.1 (c) (i),0.101404395,0.101404395,0.101404395,0.101404395,,No
SBT105,,Standard Bank F/R 31032026,31000000,32749712.87,0.01067087,0.01067087,2026/03/31,JIBAR,308,,11.413,0.010958904,2.512328767,Bank Subordinated Debt - AT1,Bank,STANDARD BANK LTD,STANDARD BANK LTD,Bank Subordinated Debt - AT1,4,-0.260344705,2.620447875,1.011080332,308,162.4256197,0,0,JIBAR,2.Oth,2.1,2.1 (c),2.1 (c) (i),0.101404395,0.101404395,0.101404395,0.101404395,,No
SBT106,,Standard Bank F/R 31122026,10000000,10597658.6,0.003453045,0.003453045,2026/12/31,JIBAR,284,,11.173,0.010958904,3.265753425,Bank Subordinated Debt - AT1,Bank,STANDARD BANK LTD,STANDARD BANK LTD,Bank Subordinated Debt - AT1,4,-0.260344705,2.620447875,1.011080332,284,162.4256197,0,0,JIBAR,2.Oth,2.1,2.1 (c),2.1 (c) (i),0.101404395,0.101404395,0.101404395,0.101404395,,No
SBT107,,Standard Bank F/R 08042027,11200000,11417599.27,0.003720207,0.003720207,2027/04/08,JIBAR,300,,11.333,0.032876712,3.534246575,Bank Subordinated Debt - AT1,Bank,STANDARD BANK LTD,STANDARD BANK LTD,Bank Subordinated Debt - AT1,4,-0.260344705,2.620447875,1.033994334,300,162.4370767,0,0,JIBAR,2.Oth,2.1,2.1 (c),2.1 (c) (i),0.101404395,0.101404395,0.101404395,0.101404395,,No
SBT203,,Standard Bank 10.395% 041223,4600000,4752297.26,0.001548446,0.001548446,2023/12/03,R186,88.5,10.255,10.255,0.174888324,0.18630137,Bank Subordinated Debt - Tier 2,Bank,STANDARD BANK LTD,STANDARD BANK LTD,Bank Subordinated Debt - Tier 2,2,-0.260344705,2.620447875,1.211957155,192.2,142.5260581,1,0.174888324,R186,2.Oth,2.1,2.1 (c),2.1 (c) (i),0.101404395,0.101404395,0.101404395,0.101404395,,No
SBT204,,Standard Bank F/R 16042024,4000000,4097142.52,0.001334976,0.001334976,2024/04/16,JIBAR,200,,10.333,0.054794521,0.556164384,Bank Subordinated Debt - Tier 2,Bank,STANDARD BANK LTD,STANDARD BANK LTD,Bank Subordinated Debt - Tier 2,2,-0.260344705,2.620447875,1.057971014,200,142.449065,0,0,JIBAR,2.Oth,2.1,2.1 (c),2.1 (c) (i),0.101404395,0.101404395,0.101404395,0.101404395,,No
SBT206,,Standard Bank F/R 31012025,6000000,6164739.158,0.002008663,0.002008663,2025/01/31,JIBAR,135,,9.683,0.095890411,1.350684932,Bank Subordinated Debt - Tier 2,Bank,STANDARD BANK LTD,STANDARD BANK LTD,Bank Subordinated Debt - Tier 2,2,-0.260344705,2.620447875,1.106060606,135,142.4731098,0,0,JIBAR,2.Oth,2.1,2.1 (c),2.1 (c) (i),0.101404395,0.101404395,0.101404395,0.101404395,,No
SSN011,,Standard Bank 3.63% 31012025,25000000,41975202.5,0.013676821,0.013676821,2025/01/31,I2025,150,5.73,10.53,1.284890787,1.350684932,Bank Senior Debt - ILBs,Bank,STANDARD BANK LTD,STANDARD BANK LTD,Bank Senior Unsecured,0.6,-0.260344705,2.620447875,-3.510117024,219.7,126.165021,1,1.284890787,I2025,2.Oth,2.1,2.1 (c),2.1 (c) (i),0.101404395,0.101404395,0.101404395,0.101404395,,No
SSN044,,Standard Bank F/R 09022027,2000000,2011873.99,0.000655531,0.000655531,2027/02/09,JIBAR,230,,10.633,0.120547945,3.375342466,Bank Senior Debt - Floating,Bank,STANDARD BANK LTD,STANDARD BANK LTD,Bank Senior Unsecured,0.6,-0.260344705,2.620447875,1.137071651,230,128.4886154,0,0,JIBAR,2.Oth,2.1,2.1 (c),2.1 (c) (i),0.101404395,0.101404395,0.101404395,0.101404395,,No
SSN062,,Standard Bank 2% 31012025,8190235.34,13857161.81,0.004515092,0.004515092,2025/01/31,I2025,90.5,5.135,9.935,1.28869,1.350684932,Bank Senior Debt - ILBs,Bank,STANDARD BANK LTD,STANDARD BANK LTD,Bank Senior Unsecured,0.6,-0.260344705,2.620447875,-3.463923239,160.2,126.1881179,1,1.28869,I2025,2.Oth,2.1,2.1 (c),2.1 (c) (i),0.101404395,0.101404395,0.101404395,0.101404395,,No
26FR0004,ZAM000506039,Standard Bank F/R 24042025,5000000,5087554.11,0.001657683,0.001657683,2025/04/24,JIBAR,137.5,0,9.708,0.125,1.578082192,Money Market,Bank,STANDARD BANK LTD,STANDARD BANK LTD,Money Market,0.5,-0.260344705,2.620447875,1.142857143,137.5,127.4915081,0,0,JIBAR,1,1.1,,,0.008338501,0.008338501,0,0,,No
26NC0009,ZAM000555457,Standard Bank NCD 6.15% 31102023,20000000,20503941.18,0.006680819,0.006680819,2023/10/31,0,0,6.15,6.15,0.089042757,0.095890411,Money Market,Bank,STANDARD BANK LTD,STANDARD BANK LTD,Money Market,0.5,-0.260344705,2.620447875,1.097746363,-218.3,127.4689527,0,0,FIXED,1,1.1,,,0.008338501,0.008338501,0,0,,No
SZ25,,SA National Roads Agency 9.00% 300925                    ,5000000,4922343,0.001603852,0.001603852,2025/09/30,R186,49,9.86,9.86,1.787976702,2.01369863,SOE,SOE,SANRAL,SANRAL,Government-Guaranteed,0.3,0.491754332,1.51220438,-1.269073055,152.7,-240.6815405,1,1.787976702,R186,2.Gov,2.1,2.1 (a),,0.001603852,0.001603852,0.001603852,0,,Yes
TH16A2,ZAG000161670,Thekwini FundF/R 21082024,12858660,13027575.33,0.004244787,0.004244787,2024/08/21,JIBAR,115,,9.483,0.153424658,0.904109589,Securitization,Corporate,THEKWINI,THEKWINI,Senior Secured,0.9,0,-0.080677079,1.181229773,115,28.3495916,0,0,JIBAR,2.Oth,2.1,2.1 (e),2.1 (e) (i),0.004736632,0.004736632,0.004736632,0.004736632,2.1(e)(i),Yes
TH16A8,,Thekwini Fund F/R 21082024,790000,798381.2894,0.000260137,0.000260137,2024/08/21,JIBAR,147,,9.803,0.153424658,0.904109589,Securitization,Corporate,THEKWINI,THEKWINI,Senior Secured,0.9,0,-0.080677079,1.181229773,147,28.3495916,0,0,JIBAR,2.Oth,2.1,2.1 (e),2.1 (e) (i),0.004736632,0.004736632,0.004736632,0.004736632,,Yes
T17A21,,Thekwini Fund 14 (RF) Limited F/R 21022026,700000,711128.5536,0.000231708,0.000231708,2026/02/21,JIBAR,120,,9.533,0.153424658,2.408219178,Securitization,Corporate,THEKWINI,THEKWINI,Senior Secured,0.9,0,-0.080677079,1.181229773,120,28.3495916,0,0,JIBAR,2.Oth,2.1,2.1 (e),2.1 (e) (i),0.004736632,0.004736632,0.004736632,0.004736632,,Yes
TL26,ZAG000148487,Telkom SA Limited F/R 25112024,500000,507960.9985,0.000165509,0.000165509,2024/11/25,JIBAR,145,,9.783,0.164383562,1.167123288,Corporate Senior Debt,Corporate,TELKOM,TELKOM,Corp Senior Unsecured,1,0.029491027,-0.280189856,1.196721311,145,16.6069518,0,0,JIBAR,2.Oth,2.1,2.1 (d),2.1 (d) (i),0.004425714,0.004425714,0.004425714,0.004425714,2.1(d)(i),Yes
TL30,,Telkom SA F/R 10062024,11000000,11053789.88,0.003601667,0.003601667,2024/06/10,JIBAR,145,,9.783,0.205479452,0.706849315,Corporate Senior Debt,Corporate,TELKOM,TELKOM,Corp Senior Unsecured,1,0.029491027,-0.280189856,1.25862069,145,16.63790149,0,0,JIBAR,2.Oth,2.1,2.1 (d),2.1 (d) (i),0.004425714,0.004425714,0.004425714,0.004425714,2.1(d)(i),Yes
TL31,,Telkom SA Limited F/R 10062026,2000000,2021102.282,0.000658538,0.000658538,2026/06/10,JIBAR,143,,9.763,0.205479452,2.706849315,Corporate Senior Debt,Corporate,TELKOM,TELKOM,Corp Senior Unsecured,1,0.029491027,-0.280189856,1.25862069,143,16.63790149,0,0,JIBAR,2.Oth,2.1,2.1 (d),2.1 (d) (i),0.004425714,0.004425714,0.004425714,0.004425714,,Yes
ZAG000183393,TC001,Transcapital Investments Ltd 7.057% 20250215,14000000,13913216.81,0.004533357,0.004533357,2025/02/15,JIBAR,450,,12.833,0.136986301,1.391780822,Corporate Senior Debt,Corporate,TRANSACTION CAPITAL,TRANSACTION CAPITAL,Corp Senior Unsecured,1,-0.329010403,0,1.158730159,450,193.0367723,0,0,JIBAR,2.Oth,2.1,2.1 (d),2.1 (d) (i),0.004533357,0.004533357,0.004533357,0.004533357,,No
TN23,,Transnet 10.80% 061123,26800000,27944633.36,0.009105227,0.009105227,2023/11/06,R186,103,10.4,10.4,0.102994427,0.112328767,SOE,SOE,TRANSNET SOC LTD,TRANSNET SOC LTD,Corp Senior Unsecured,1,-0.659368945,2.645933421,1.114820276,206.7,331.7347543,1,0.102994427,R186,2.Oth,2.1,2.1 (d),2.1 (d) (i),0.022482938,0.022482938,0.022482938,0.022482938,2.1(d)(i),Yes
TN25,ZAG000079344,Transnet 9.5% 190825,21770000,21534374.58,0.007016566,0.007016566,2025/08/19,R186,140,10.77,10.77,1.665258993,1.898630137,SOE,SOE,TRANSNET SOC LTD,TRANSNET SOC LTD,Corp Senior Unsecured,1,-0.659368945,2.645933421,-1.503173967,243.7,330.4257572,1,1.665258993,R186,2.Oth,2.1,2.1 (d),2.1 (d) (i),0.022482938,0.022482938,0.022482938,0.022482938,2.1(d)(i),Yes
TN27,,Transnet 8.90% 141127,10000000,9375236,0.003054742,0.003054742,2027/11/14,R186,253,11.9,11.9,3.194369192,4.136986301,SOE,SOE,TRANSNET SOC LTD,TRANSNET SOC LTD,Corp Senior Unsecured,1,-0.659368945,2.645933421,-0.45571183,356.7,330.9494882,1,3.194369192,R186,2.Oth,2.1,2.1 (d),2.1 (d) (i),0.022482938,0.022482938,0.022482938,0.022482938,2.1(d)(i),Yes
TNF25,,Transnet F/R 14022025,10000000,10147603.8,0.003306403,0.003306403,2025/02/14,JIBAR,237,,10.703,0.134246575,1.389041096,SOE,SOE,TRANSNET SOC LTD,TRANSNET SOC LTD,Corp Senior Unsecured,1,-0.659368945,2.645933421,1.155063291,237,331.7548758,0,0,JIBAR,2.Oth,2.1,2.1 (d),2.1 (d) (i),0.022482938,0.022482938,0.022482938,0.022482938,2.1(d)(i),Yes
26FR0032,,Northchester F/R 09062028,35000000,35176944.66,0.011461738,0.011461738,2028/06/09,JIBAR,260,0,10.933,0.125,4.706849315,Credit Investment Notes,Corporate,NORTHCHESTER (RF) LTD,NORTHCHESTER (RF) LTD,Credit Investment Notes,1.1,-1,-0.455397734,1.142857143,260,534.0776118,1,0.125,JIBAR,2.Oth,3.1,2.1 (e),2.1 (e) (ii),0.011461738,0.011461738,0.011461738,0.011461738,2.1(e)(ii),No
SC08CU,,SouthChester F/R 30062022,50000000,50311643.8,0.016393091,0.016393091,2023/09/26,0,0,8.75,8.75,0,0,Credit Investment Notes,Corporate,SOUTHCHESTER (RF) LTD,SOUTHCHESTER (RF) LTD,Credit Investment Notes,1.1,-1,-0.455397734,1,41.7,534.0061833,0,0,OVERNIGHT,2.Oth,2.1,2.1 (e),2.1 (e) (ii),0.016393091,0.016393091,0.016393091,0.016393091,2.1(d)(ii),No
NICMM,,Nedgroup Inv Corporate Money Market Fund C,60004439.89,60326864.27,0.01965636,0.01965636,2023/09/26,JIBAR,82.3,0,9.156,0,0,Money Market CIS,CIS,NEDGROUP INVESTMENTS,NEDGROUP INVESTMENTS,Money Market CIS,0.5,-1,2,1,82.3,503.4522059,0,0,JIBAR,2.Gov,2.1,2.1 (c),2.1 (c) (i),0.01965636,0.01965636,0.01965636,0.01965636,,No
AHY2U,ZAG000135849,Ashburton High Yield 2 CIN,78731668.48,80050496.36,0.02608293,0.02608293,2025/02/27,JIBAR,310,0,11.433,0.125,1.424657534,Credit Investment Notes,Bank,ASHBURTON,ASHBURTON,Credit Investment Notes,1.1,-1,-0.455397734,1.142857143,310,534.0776118,0,0,JIBAR,2.Oth,2.1,2.1 (e),2.1 (e) (ii),0.031876766,0.031876766,0.031876766,0.031876766,2.1(e)(ii),No
ZAG000135831,AIG2U,Ashburton Investment Grade Fund 2 CIN,17355409.26,17781723.54,0.005793836,0.005793836,2030/12/31,JIBAR,180,0,10.133,0.125,7.268493151,Credit Investment Notes,Bank,ASHBURTON,ASHBURTON,Credit Investment Notes,1.1,-1,-0.455397734,1.142857143,180,534.0776118,0,0,JIBAR,2.Oth,2.1,2.1 (e),2.1 (e) (ii),0.031876766,0.031876766,0.031876766,0.031876766,2.1(e)(ii),No
MERC26CL,,Mercantile Bank - Current Account,629065.3,629065.3,0.000204969,0.000204969,2023/09/26,0,0,8.5,8.5,0,0,Call Account,Bank,MERCANTILE BANK,MERCANTILE BANK,Money Market,0.5,0.855236602,-0.455397734,1,16.7,-399.6121177,0,0,OVERNIGHT,1,1.1,,,0.000204969,0.000204969,0,0,,No
INVCCM,,Investec Call Deposit,41210753.84,41210753.84,0.013427739,0.013427739,2023/09/26,0,0,8.05,8.05,0,0,Call Account,Bank,INVESTEC BANK LTD,INVESTEC BANK LTD,Money Market,0.5,-0.333447483,0.398902376,1,-28.3,186.1869237,0,0,OVERNIGHT,1,1.1,,,0.046660511,0.046660511,0,0,,No
26RMBCAL,,RMB Call Acc - Current Accounts,20500000,20500000,0.006679535,0.006679535,2023/09/26,0,0,7.75,7.75,0,0,Call Account,Bank,FIRSTRAND BANK LTD,FIRSTRAND BANK LTD,Money Market,0.5,-0.107833692,2.460589047,1,-58.3,52.76316147,0,0,OVERNIGHT,1,1.1,,,0.028983955,0.028983955,0,0,,No
ZAR - 140000,CSH-ANALYTICS-CASHDIZAR,ZAR Unsettled Cash,8736571.36,8736571.36,0.002846645,0.002846645,2023/09/26,0,0,7,7,0,0,Call Account,Bank,FIRSTRAND BANK LTD,FIRSTRAND BANK LTD,Money Market,0.5,-0.107833692,2.460589047,1,-133.3,52.76316147,0,0,0,1,1.1,,,0.028983955,0.028983955,0,0,,No
ZAR - 100000,FNB00167,ZAR Settled Cash,18690007.08,18690007.08,0.006089783,0.006089783,2023/09/26,0,0,7,7,0,0,Call Account,Bank,FIRSTRAND BANK LTD,FIRSTRAND BANK LTD,Money Market,0.5,-0.107833692,2.460589047,1,-133.3,52.76316147,0,0,0,1,1.1,,,0.028983955,0.028983955,0,0,,No
